#AlleleID,Type,Name,GeneID,GeneSymbol,HGNC_ID,ClinicalSignificance,ClinSigSimple,LastEvaluated,RS# (dbSNP),nsv/esv (dbVar),RCVaccession,PhenotypeIDS,PhenotypeList,Origin,OriginSimple,Assembly,ChromosomeAccession,Chromosome,Start,Stop,ReferenceAllele,AlternateAllele,Cytogenetic,ReviewStatus,NumberSubmitters,Guidelines,TestedInGTR,OtherIDs,SubmitterCategories,VariationID,PositionVCF,ReferenceAlleleVCF,AlternateAlleleVCF,SomaticClinicalImpact,SomaticClinicalImpactLastEvaluated,ReviewStatusClinicalImpact,Oncogenicity,OncogenicityLastEvaluated,ReviewStatusOncogenicity,SCVsForAggregateGermlineClassification,SCVsForAggregateSomaticClinicalImpact,SCVsForAggregateOncogenicityClassification
25069,single nucleotide variant,NM_000194.2(HPRT1):c.239A>T (p.Asp80Val),3251,HPRT1,HGNC:5157,Likely pathogenic,1,"Jan 11, 2021",137852478,-,RCV000010714|RCV000010715|RCV001851783,"MONDO:MONDO:0010299,MedGen:C0268117,OMIM:300323,Orphanet:79233||MONDO:MONDO:0010298,MedGen:C0023374,OMIM:300322,Orphanet:510;MONDO:MONDO:0010299,MedGen:C0268117,OMIM:300323,Orphanet:79233",Partial hypoxanthine-guanine phosphoribosyltransferase deficiency|HPRT ARLINGTON|Lesch-Nyhan syndrome;Partial hypoxanthine-guanine phosphoribosyltransferase deficiency,germline,germline,GRCh37,NC_000023.10,X,133609315,133609315,na,na,Xq26.2,"criteria provided, single submitter",2,-,N,"ClinGen:CA120888,UniProtKB:P00492#VAR_006777,OMIM:308000.0002",3,10030,133609315,A,T,-,-,-,-,-,-,SCV002297689,-,-
25069,single nucleotide variant,NM_000194.2(HPRT1):c.239A>T (p.Asp80Val),3251,HPRT1,HGNC:5157,Likely pathogenic,1,"Jan 11, 2021",137852478,-,RCV000010714|RCV000010715|RCV001851783,"MONDO:MONDO:0010299,MedGen:C0268117,OMIM:300323,Orphanet:79233||MONDO:MONDO:0010298,MedGen:C0023374,OMIM:300322,Orphanet:510;MONDO:MONDO:0010299,MedGen:C0268117,OMIM:300323,Orphanet:79233",Partial hypoxanthine-guanine phosphoribosyltransferase deficiency|HPRT ARLINGTON|Lesch-Nyhan syndrome;Partial hypoxanthine-guanine phosphoribosyltransferase deficiency,germline,germline,GRCh38,NC_000023.11,X,134475285,134475285,na,na,Xq26.2,"criteria provided, single submitter",2,-,N,"ClinGen:CA120888,UniProtKB:P00492#VAR_006777,OMIM:308000.0002",3,10030,134475285,A,T,-,-,-,-,-,-,SCV002297689,-,-
25076,single nucleotide variant,NM_000194.2(HPRT1):c.580G>A (p.Asp194Asn),3251,HPRT1,HGNC:5157,Pathogenic,1,"Jun 01, 1990",267606863,-,RCV000010728,"MONDO:MONDO:0010298,MedGen:C0023374,OMIM:300322,Orphanet:510",Lesch-Nyhan syndrome,germline,germline,GRCh37,NC_000023.10,X,133632685,133632685,na,na,Xq26.2,no assertion criteria provided,1,-,N,"ClinGen:CA120893,UniProtKB:P00492#VAR_006798,OMIM:308000.0009",1,10037,133632685,G,A,-,-,-,-,-,-,SCV000030954,-,-
25076,single nucleotide variant,NM_000194.2(HPRT1):c.580G>A (p.Asp194Asn),3251,HPRT1,HGNC:5157,Pathogenic,1,"Jun 01, 1990",267606863,-,RCV000010728,"MONDO:MONDO:0010298,MedGen:C0023374,OMIM:300322,Orphanet:510",Lesch-Nyhan syndrome,germline,germline,GRCh38,NC_000023.11,X,134498655,134498655,na,na,Xq26.2,no assertion criteria provided,1,-,N,"ClinGen:CA120893,UniProtKB:P00492#VAR_006798,OMIM:308000.0009",1,10037,134498655,G,A,-,-,-,-,-,-,SCV000030954,-,-
25077,single nucleotide variant,NM_000194.2(HPRT1):c.329C>T (p.Ser110Leu),3251,HPRT1,HGNC:5157,Likely pathogenic,1,"Jul 30, 2023",137852482,-,RCV000010730|RCV000010731|RCV003764546,"MONDO:MONDO:0010299,MedGen:C0268117,OMIM:300323,Orphanet:79233||MONDO:MONDO:0010298,MedGen:C0023374,OMIM:300322,Orphanet:510;MONDO:MONDO:0010299,MedGen:C0268117,OMIM:300323,Orphanet:79233",Partial hypoxanthine-guanine phosphoribosyltransferase deficiency|HPRT LONDON|Lesch-Nyhan syndrome;Partial hypoxanthine-guanine phosphoribosyltransferase deficiency,germline,germline,GRCh37,NC_000023.10,X,133620505,133620505,na,na,Xq26.2,"criteria provided, single submitter",2,-,N,"UniProtKB:P00492#VAR_006779,OMIM:308000.0010,ClinGen:CA120894",3,10038,133620505,C,T,-,-,-,-,-,-,SCV004571483,-,-
25077,single nucleotide variant,NM_000194.2(HPRT1):c.329C>T (p.Ser110Leu),3251,HPRT1,HGNC:5157,Likely pathogenic,1,"Jul 30, 2023",137852482,-,RCV000010730|RCV000010731|RCV003764546,"MONDO:MONDO:0010299,MedGen:C0268117,OMIM:300323,Orphanet:79233||MONDO:MONDO:0010298,MedGen:C0023374,OMIM:300322,Orphanet:510;MONDO:MONDO:0010299,MedGen:C0268117,OMIM:300323,Orphanet:79233",Partial hypoxanthine-guanine phosphoribosyltransferase deficiency|HPRT LONDON|Lesch-Nyhan syndrome;Partial hypoxanthine-guanine phosphoribosyltransferase deficiency,germline,germline,GRCh38,NC_000023.11,X,134486475,134486475,na,na,Xq26.2,"criteria provided, single submitter",2,-,N,"UniProtKB:P00492#VAR_006779,OMIM:308000.0010,ClinGen:CA120894",3,10038,134486475,C,T,-,-,-,-,-,-,SCV004571483,-,-
25079,single nucleotide variant,NM_000194.2(HPRT1):c.389T>A (p.Val130Asp),3251,HPRT1,HGNC:5157,Pathogenic,1,"Feb 11, 2025",137852483,-,RCV000010735|RCV000010734,"|MONDO:MONDO:0010298,MedGen:C0023374,OMIM:300322,Orphanet:510",HPRT MIDLAND|Lesch-Nyhan syndrome,germline,germline,GRCh37,NC_000023.10,X,133624222,133624222,na,na,Xq26.2,"criteria provided, single submitter",2,-,N,"ClinGen:CA120895,UniProtKB:P00492#VAR_006780,OMIM:308000.0012",3,10040,133624222,T,A,-,-,-,-,-,-,SCV006584826,-,-
25079,single nucleotide variant,NM_000194.2(HPRT1):c.389T>A (p.Val130Asp),3251,HPRT1,HGNC:5157,Pathogenic,1,"Feb 11, 2025",137852483,-,RCV000010735|RCV000010734,"|MONDO:MONDO:0010298,MedGen:C0023374,OMIM:300322,Orphanet:510",HPRT MIDLAND|Lesch-Nyhan syndrome,germline,germline,GRCh38,NC_000023.11,X,134490192,134490192,na,na,Xq26.2,"criteria provided, single submitter",2,-,N,"ClinGen:CA120895,UniProtKB:P00492#VAR_006780,OMIM:308000.0012",3,10040,134490192,T,A,-,-,-,-,-,-,SCV006584826,-,-
25080,single nucleotide variant,NM_000194.2(HPRT1):c.481G>T (p.Ala161Ser),3251,HPRT1,HGNC:5157,Likely pathogenic,1,"Feb 14, 2023",137852484,-,RCV000010736|RCV000010737|RCV003764547,"MONDO:MONDO:0010299,MedGen:C0268117,OMIM:300323,Orphanet:79233||MONDO:MONDO:0010298,MedGen:C0023374,OMIM:300322,Orphanet:510;MONDO:MONDO:0010299,MedGen:C0268117,OMIM:300323,Orphanet:79233",Partial hypoxanthine-guanine phosphoribosyltransferase deficiency|HPRT MILWAUKEE|Lesch-Nyhan syndrome;Partial hypoxanthine-guanine phosphoribosyltransferase deficiency,germline,germline,GRCh37,NC_000023.10,X,133627616,133627616,na,na,Xq26.2,"criteria provided, single submitter",2,-,N,"OMIM:308000.0013,ClinGen:CA120896,UniProtKB:P00492#VAR_006787",3,10041,133627616,G,T,-,-,-,-,-,-,SCV004571519,-,-
25080,single nucleotide variant,NM_000194.2(HPRT1):c.481G>T (p.Ala161Ser),3251,HPRT1,HGNC:5157,Likely pathogenic,1,"Feb 14, 2023",137852484,-,RCV000010736|RCV000010737|RCV003764547,"MONDO:MONDO:0010299,MedGen:C0268117,OMIM:300323,Orphanet:79233||MONDO:MONDO:0010298,MedGen:C0023374,OMIM:300322,Orphanet:510;MONDO:MONDO:0010299,MedGen:C0268117,OMIM:300323,Orphanet:79233",Partial hypoxanthine-guanine phosphoribosyltransferase deficiency|HPRT MILWAUKEE|Lesch-Nyhan syndrome;Partial hypoxanthine-guanine phosphoribosyltransferase deficiency,germline,germline,GRCh38,NC_000023.11,X,134493586,134493586,na,na,Xq26.2,"criteria provided, single submitter",2,-,N,"OMIM:308000.0013,ClinGen:CA120896,UniProtKB:P00492#VAR_006787",3,10041,134493586,G,T,-,-,-,-,-,-,SCV004571519,-,-
25083,single nucleotide variant,NM_000194.2(HPRT1):c.209G>A (p.Gly70Glu),3251,HPRT1,HGNC:5157,Pathogenic,1,"Dec 15, 2025",137852487,-,RCV000010743|RCV000010742|RCV001851784,"|MONDO:MONDO:0010298,MedGen:C0023374,OMIM:300322,Orphanet:510|MONDO:MONDO:0010298,MedGen:C0023374,OMIM:300322,Orphanet:510;MONDO:MONDO:0010299,MedGen:C0268117,OMIM:300323,Orphanet:79233",HPRT NEW HAVEN|Lesch-Nyhan syndrome|Lesch-Nyhan syndrome;Partial hypoxanthine-guanine phosphoribosyltransferase deficiency,germline,germline,GRCh37,NC_000023.10,X,133609285,133609285,na,na,Xq26.2,"criteria provided, single submitter",2,-,N,"ClinGen:CA120899,UniProtKB:P00492#VAR_006773,OMIM:308000.0016",3,10044,133609285,G,A,-,-,-,-,-,-,SCV002240936,-,-
25083,single nucleotide variant,NM_000194.2(HPRT1):c.209G>A (p.Gly70Glu),3251,HPRT1,HGNC:5157,Pathogenic,1,"Dec 15, 2025",137852487,-,RCV000010743|RCV000010742|RCV001851784,"|MONDO:MONDO:0010298,MedGen:C0023374,OMIM:300322,Orphanet:510|MONDO:MONDO:0010298,MedGen:C0023374,OMIM:300322,Orphanet:510;MONDO:MONDO:0010299,MedGen:C0268117,OMIM:300323,Orphanet:79233",HPRT NEW HAVEN|Lesch-Nyhan syndrome|Lesch-Nyhan syndrome;Partial hypoxanthine-guanine phosphoribosyltransferase deficiency,germline,germline,GRCh38,NC_000023.11,X,134475255,134475255,na,na,Xq26.2,"criteria provided, single submitter",2,-,N,"ClinGen:CA120899,UniProtKB:P00492#VAR_006773,OMIM:308000.0016",3,10044,134475255,G,A,-,-,-,-,-,-,SCV002240936,-,-
25084,single nucleotide variant,NM_000194.2(HPRT1):c.211G>C (p.Gly71Arg),3251,HPRT1,HGNC:5157,Likely pathogenic,1,"Jun 13, 2017",137852488,-,RCV000010745|RCV000010744|RCV000790697,"|MONDO:MONDO:0010298,MedGen:C0023374,OMIM:300322,Orphanet:510|MedGen:C3661900",HPRT YALE|Lesch-Nyhan syndrome|not provided,germline,germline,GRCh37,NC_000023.10,X,133609287,133609287,na,na,Xq26.2,"criteria provided, single submitter",2,-,N,"ClinGen:CA120900,UniProtKB:P00492#VAR_006774,OMIM:308000.0017",3,10045,133609287,G,C,-,-,-,-,-,-,SCV000331771,-,-
25084,single nucleotide variant,NM_000194.2(HPRT1):c.211G>C (p.Gly71Arg),3251,HPRT1,HGNC:5157,Likely pathogenic,1,"Jun 13, 2017",137852488,-,RCV000010745|RCV000010744|RCV000790697,"|MONDO:MONDO:0010298,MedGen:C0023374,OMIM:300322,Orphanet:510|MedGen:C3661900",HPRT YALE|Lesch-Nyhan syndrome|not provided,germline,germline,GRCh38,NC_000023.11,X,134475257,134475257,na,na,Xq26.2,"criteria provided, single submitter",2,-,N,"ClinGen:CA120900,UniProtKB:P00492#VAR_006774,OMIM:308000.0017",3,10045,134475257,G,C,-,-,-,-,-,-,SCV000331771,-,-
25085,single nucleotide variant,NM_000194.3(HPRT1):c.325C>T (p.Gln109Ter),3251,HPRT1,HGNC:5157,Pathogenic,1,"Aug 30, 2023",137852489,-,RCV000010746|RCV000631414|RCV004700213,"MONDO:MONDO:0010298,MedGen:C0023374,OMIM:300322,Orphanet:510|MONDO:MONDO:0010298,MedGen:C0023374,OMIM:300322,Orphanet:510;MONDO:MONDO:0010299,MedGen:C0268117,OMIM:300323,Orphanet:79233|MedGen:C3661900",Lesch-Nyhan syndrome|Lesch-Nyhan syndrome;Partial hypoxanthine-guanine phosphoribosyltransferase deficiency|not provided,germline,germline,GRCh37,NC_000023.10,X,133620501,133620501,na,na,Xq26.2,"criteria provided, multiple submitters, no conflicts",3,-,N,"ClinGen:CA254997,OMIM:308000.0018",3,10046,133620501,C,T,-,-,-,-,-,-,SCV000752487|SCV005201623,-,-
25085,single nucleotide variant,NM_000194.3(HPRT1):c.325C>T (p.Gln109Ter),3251,HPRT1,HGNC:5157,Pathogenic,1,"Aug 30, 2023",137852489,-,RCV000010746|RCV000631414|RCV004700213,"MONDO:MONDO:0010298,MedGen:C0023374,OMIM:300322,Orphanet:510|MONDO:MONDO:0010298,MedGen:C0023374,OMIM:300322,Orphanet:510;MONDO:MONDO:0010299,MedGen:C0268117,OMIM:300323,Orphanet:79233|MedGen:C3661900",Lesch-Nyhan syndrome|Lesch-Nyhan syndrome;Partial hypoxanthine-guanine phosphoribosyltransferase deficiency|not provided,germline,germline,GRCh38,NC_000023.11,X,134486471,134486471,na,na,Xq26.2,"criteria provided, multiple submitters, no conflicts",3,-,N,"ClinGen:CA254997,OMIM:308000.0018",3,10046,134486471,C,T,-,-,-,-,-,-,SCV000752487|SCV005201623,-,-
25086,single nucleotide variant,NM_000194.3(HPRT1):c.610C>G (p.His204Asp),3251,HPRT1,HGNC:5157,Likely pathogenic,1,"Apr 01, 2020",137852490,-,RCV000010747|RCV001250108,"MONDO:MONDO:0010298,MedGen:C0023374,OMIM:300322,Orphanet:510|MONDO:MONDO:0010298,MedGen:C0023374,OMIM:300322,Orphanet:510;MONDO:MONDO:0010299,MedGen:C0268117,OMIM:300323,Orphanet:79233",Lesch-Nyhan syndrome|Lesch-Nyhan syndrome;Partial hypoxanthine-guanine phosphoribosyltransferase deficiency,germline;maternal,germline,GRCh37,NC_000023.10,X,133634060,133634060,na,na,Xq26.3,"criteria provided, single submitter",2,-,N,"ClinGen:CA254999,UniProtKB:P00492#VAR_006804,OMIM:308000.0019",3,10047,133634060,C,G,-,-,-,-,-,-,SCV001424237,-,-
25086,single nucleotide variant,NM_000194.3(HPRT1):c.610C>G (p.His204Asp),3251,HPRT1,HGNC:5157,Likely pathogenic,1,"Apr 01, 2020",137852490,-,RCV000010747|RCV001250108,"MONDO:MONDO:0010298,MedGen:C0023374,OMIM:300322,Orphanet:510|MONDO:MONDO:0010298,MedGen:C0023374,OMIM:300322,Orphanet:510;MONDO:MONDO:0010299,MedGen:C0268117,OMIM:300323,Orphanet:79233",Lesch-Nyhan syndrome|Lesch-Nyhan syndrome;Partial hypoxanthine-guanine phosphoribosyltransferase deficiency,germline;maternal,germline,GRCh38,NC_000023.11,X,134500030,134500030,na,na,Xq26.3,"criteria provided, single submitter",2,-,N,"ClinGen:CA254999,UniProtKB:P00492#VAR_006804,OMIM:308000.0019",3,10047,134500030,C,G,-,-,-,-,-,-,SCV001424237,-,-
25087,single nucleotide variant,NM_000194.3(HPRT1):c.134G>A (p.Arg45Lys),3251,HPRT1,HGNC:5157,Pathogenic,1,"Jun 01, 1990",137852491,-,RCV000010748,"MONDO:MONDO:0010298,MedGen:C0023374,OMIM:300322,Orphanet:510",Lesch-Nyhan syndrome,germline,germline,GRCh37,NC_000023.10,X,133607495,133607495,na,na,Xq26.2,no assertion criteria provided,1,-,N,"ClinGen:CA255000,UniProtKB:P00492#VAR_006760,OMIM:308000.0020",1,10048,133607495,G,A,-,-,-,-,-,-,SCV000030974,-,-
25087,single nucleotide variant,NM_000194.3(HPRT1):c.134G>A (p.Arg45Lys),3251,HPRT1,HGNC:5157,Pathogenic,1,"Jun 01, 1990",137852491,-,RCV000010748,"MONDO:MONDO:0010298,MedGen:C0023374,OMIM:300322,Orphanet:510",Lesch-Nyhan syndrome,germline,germline,GRCh38,NC_000023.11,X,134473465,134473465,na,na,Xq26.2,no assertion criteria provided,1,-,N,"ClinGen:CA255000,UniProtKB:P00492#VAR_006760,OMIM:308000.0020",1,10048,134473465,G,A,-,-,-,-,-,-,SCV000030974,-,-
25088,single nucleotide variant,NM_000194.3(HPRT1):c.529G>T (p.Asp177Tyr),3251,HPRT1,HGNC:5157,Pathogenic,1,"Jun 01, 1990",137852492,-,RCV000010749,"MONDO:MONDO:0010298,MedGen:C0023374,OMIM:300322,Orphanet:510",Lesch-Nyhan syndrome,germline,germline,GRCh37,NC_000023.10,X,133632463,133632463,na,na,Xq26.2,no assertion criteria provided,1,-,N,"ClinGen:CA255001,UniProtKB:P00492#VAR_006792,OMIM:308000.0021",1,10049,133632463,G,T,-,-,-,-,-,-,SCV000030975,-,-
25088,single nucleotide variant,NM_000194.3(HPRT1):c.529G>T (p.Asp177Tyr),3251,HPRT1,HGNC:5157,Pathogenic,1,"Jun 01, 1990",137852492,-,RCV000010749,"MONDO:MONDO:0010298,MedGen:C0023374,OMIM:300322,Orphanet:510",Lesch-Nyhan syndrome,germline,germline,GRCh38,NC_000023.11,X,134498433,134498433,na,na,Xq26.2,no assertion criteria provided,1,-,N,"ClinGen:CA255001,UniProtKB:P00492#VAR_006792,OMIM:308000.0021",1,10049,134498433,G,T,-,-,-,-,-,-,SCV000030975,-,-
25093,single nucleotide variant,NM_000194.3(HPRT1):c.609+5G>A,3251,HPRT1,HGNC:5157,Likely pathogenic,1,"Apr 23, 2025",1569360139,-,RCV000010754|RCV001571220|RCV004545723,"MONDO:MONDO:0010298,MedGen:C0023374,OMIM:300322,Orphanet:510|MedGen:C3661900|",Lesch-Nyhan syndrome|not provided|HPRT1-related disorder,germline;maternal,germline,GRCh37,NC_000023.10,X,133632719,133632719,na,na,Xq26.2,"criteria provided, single submitter",3,-,N,"ClinGen:CA891862627,OMIM:308000.0029",3,10054,133632719,G,A,-,-,-,-,-,-,SCV001795649,-,-
25093,single nucleotide variant,NM_000194.3(HPRT1):c.609+5G>A,3251,HPRT1,HGNC:5157,Likely pathogenic,1,"Apr 23, 2025",1569360139,-,RCV000010754|RCV001571220|RCV004545723,"MONDO:MONDO:0010298,MedGen:C0023374,OMIM:300322,Orphanet:510|MedGen:C3661900|",Lesch-Nyhan syndrome|not provided|HPRT1-related disorder,germline;maternal,germline,GRCh38,NC_000023.11,X,134498689,134498689,na,na,Xq26.2,"criteria provided, single submitter",3,-,N,"ClinGen:CA891862627,OMIM:308000.0029",3,10054,134498689,G,A,-,-,-,-,-,-,SCV001795649,-,-
25095,single nucleotide variant,NM_000194.3(HPRT1):c.532+5G>A,3251,HPRT1,HGNC:5157,Pathogenic,1,"Jun 01, 1990",1569360089,-,RCV000010756,"MONDO:MONDO:0010298,MedGen:C0023374,OMIM:300322,Orphanet:510",Lesch-Nyhan syndrome,germline,germline,GRCh37,NC_000023.10,X,133632471,133632471,na,na,Xq26.2,no assertion criteria provided,1,-,N,"ClinGen:CA891862626,OMIM:308000.0031",1,10056,133632471,G,A,-,-,-,-,-,-,SCV000030982,-,-
25095,single nucleotide variant,NM_000194.3(HPRT1):c.532+5G>A,3251,HPRT1,HGNC:5157,Pathogenic,1,"Jun 01, 1990",1569360089,-,RCV000010756,"MONDO:MONDO:0010298,MedGen:C0023374,OMIM:300322,Orphanet:510",Lesch-Nyhan syndrome,germline,germline,GRCh38,NC_000023.11,X,134498441,134498441,na,na,Xq26.2,no assertion criteria provided,1,-,N,"ClinGen:CA891862626,OMIM:308000.0031",1,10056,134498441,G,A,-,-,-,-,-,-,SCV000030982,-,-
25096,single nucleotide variant,NM_000194.3(HPRT1):c.28-2A>T,3251,HPRT1,HGNC:5157,Pathogenic,1,"Nov 06, 2023",1569354918,-,RCV000010757|RCV004549355,"MONDO:MONDO:0010298,MedGen:C0023374,OMIM:300322,Orphanet:510|",Lesch-Nyhan syndrome|HPRT1-related disorder,germline,germline,GRCh37,NC_000023.10,X,133607387,133607387,na,na,Xq26.2,"criteria provided, single submitter",2,-,N,"ClinGen:CA414711221,OMIM:308000.0032",3,10057,133607387,A,T,-,-,-,-,-,-,SCV004223353,-,-
25096,single nucleotide variant,NM_000194.3(HPRT1):c.28-2A>T,3251,HPRT1,HGNC:5157,Pathogenic,1,"Nov 06, 2023",1569354918,-,RCV000010757|RCV004549355,"MONDO:MONDO:0010298,MedGen:C0023374,OMIM:300322,Orphanet:510|",Lesch-Nyhan syndrome|HPRT1-related disorder,germline,germline,GRCh38,NC_000023.11,X,134473357,134473357,na,na,Xq26.2,"criteria provided, single submitter",2,-,N,"ClinGen:CA414711221,OMIM:308000.0032",3,10057,134473357,A,T,-,-,-,-,-,-,SCV004223353,-,-
25097,single nucleotide variant,NM_000194.3(HPRT1):c.527C>T (p.Pro176Leu),3251,HPRT1,HGNC:5157,Pathogenic,1,"Jul 01, 1989",137852493,-,RCV000010758,"MONDO:MONDO:0010298,MedGen:C0023374,OMIM:300322,Orphanet:510",Lesch-Nyhan syndrome,germline,germline,GRCh37,NC_000023.10,X,133632461,133632461,na,na,Xq26.2,no assertion criteria provided,1,-,N,"ClinGen:CA255003,UniProtKB:P00492#VAR_006790,OMIM:308000.0033",1,10058,133632461,C,T,-,-,-,-,-,-,SCV000030984,-,-
25097,single nucleotide variant,NM_000194.3(HPRT1):c.527C>T (p.Pro176Leu),3251,HPRT1,HGNC:5157,Pathogenic,1,"Jul 01, 1989",137852493,-,RCV000010758,"MONDO:MONDO:0010298,MedGen:C0023374,OMIM:300322,Orphanet:510",Lesch-Nyhan syndrome,germline,germline,GRCh38,NC_000023.11,X,134498431,134498431,na,na,Xq26.2,no assertion criteria provided,1,-,N,"ClinGen:CA255003,UniProtKB:P00492#VAR_006790,OMIM:308000.0033",1,10058,134498431,C,T,-,-,-,-,-,-,SCV000030984,-,-
25099,single nucleotide variant,NM_000194.2(HPRT1):c.151C>T (p.Arg51Ter),3251,HPRT1,HGNC:5157,Pathogenic,1,"Jun 22, 2025",137852494,-,RCV000010761|RCV000010762|RCV000153366|RCV001252944|RCV001224361,"MONDO:MONDO:0010298,MedGen:C0023374,OMIM:300322,Orphanet:510||MedGen:C3661900|Human Phenotype Ontology:HP:0000252,Human Phenotype Ontology:HP:0001366,Human Phenotype Ontology:HP:0005485,Human Phenotype Ontology:HP:0005489,Human Phenotype Ontology:HP:0005497,MONDO:MONDO:0001149,MedGen:C4551563|MONDO:MONDO:0010298,MedGen:C0023374,OMIM:300322,Orphanet:510;MONDO:MONDO:0010299,MedGen:C0268117,OMIM:300323,Orphanet:79233",Lesch-Nyhan syndrome|HPRT FUJIMI|not provided|Microcephaly|Lesch-Nyhan syndrome;Partial hypoxanthine-guanine phosphoribosyltransferase deficiency,germline;unknown,germline,GRCh37,NC_000023.10,X,133609227,133609227,na,na,Xq26.2,"criteria provided, multiple submitters, no conflicts",7,-,N,"ClinGen:CA120902,OMIM:308000.0035",3,10060,133609227,C,T,-,-,-,-,-,-,SCV000202850|SCV000923596|SCV001396551|SCV002012265|SCV004170501,-,-
25099,single nucleotide variant,NM_000194.2(HPRT1):c.151C>T (p.Arg51Ter),3251,HPRT1,HGNC:5157,Pathogenic,1,"Jun 22, 2025",137852494,-,RCV000010761|RCV000010762|RCV000153366|RCV001252944|RCV001224361,"MONDO:MONDO:0010298,MedGen:C0023374,OMIM:300322,Orphanet:510||MedGen:C3661900|Human Phenotype Ontology:HP:0000252,Human Phenotype Ontology:HP:0001366,Human Phenotype Ontology:HP:0005485,Human Phenotype Ontology:HP:0005489,Human Phenotype Ontology:HP:0005497,MONDO:MONDO:0001149,MedGen:C4551563|MONDO:MONDO:0010298,MedGen:C0023374,OMIM:300322,Orphanet:510;MONDO:MONDO:0010299,MedGen:C0268117,OMIM:300323,Orphanet:79233",Lesch-Nyhan syndrome|HPRT FUJIMI|not provided|Microcephaly|Lesch-Nyhan syndrome;Partial hypoxanthine-guanine phosphoribosyltransferase deficiency,germline;unknown,germline,GRCh38,NC_000023.11,X,134475197,134475197,na,na,Xq26.2,"criteria provided, multiple submitters, no conflicts",7,-,N,"ClinGen:CA120902,OMIM:308000.0035",3,10060,134475197,C,T,-,-,-,-,-,-,SCV000202850|SCV000923596|SCV001396551|SCV002012265|SCV004170501,-,-
25101,single nucleotide variant,NM_000194.3(HPRT1):c.428T>A (p.Met143Lys),3251,HPRT1,HGNC:5157,Pathogenic,1,"Mar 01, 1989",137852496,-,RCV000010765,"MONDO:MONDO:0010298,MedGen:C0023374,OMIM:300322,Orphanet:510",Lesch-Nyhan syndrome,germline,germline,GRCh37,NC_000023.10,X,133627563,133627563,na,na,Xq26.2,no assertion criteria provided,1,-,N,"ClinGen:CA255004,UniProtKB:P00492#VAR_006785,OMIM:308000.0037",1,10062,133627563,T,A,-,-,-,-,-,-,SCV000030991,-,-
25101,single nucleotide variant,NM_000194.3(HPRT1):c.428T>A (p.Met143Lys),3251,HPRT1,HGNC:5157,Pathogenic,1,"Mar 01, 1989",137852496,-,RCV000010765,"MONDO:MONDO:0010298,MedGen:C0023374,OMIM:300322,Orphanet:510",Lesch-Nyhan syndrome,germline,germline,GRCh38,NC_000023.11,X,134493533,134493533,na,na,Xq26.2,no assertion criteria provided,1,-,N,"ClinGen:CA255004,UniProtKB:P00492#VAR_006785,OMIM:308000.0037",1,10062,134493533,T,A,-,-,-,-,-,-,SCV000030991,-,-
25112,single nucleotide variant,NM_000194.2(HPRT1):c.503C>T (p.Thr168Ile),3251,HPRT1,HGNC:5157,Pathogenic,1,"Jan 01, 1990",137852498,-,RCV000010776,"MONDO:MONDO:0010299,MedGen:C0268117,OMIM:300323,Orphanet:79233",Partial hypoxanthine-guanine phosphoribosyltransferase deficiency,germline,germline,GRCh37,NC_000023.10,X,133632437,133632437,na,na,Xq26.2,no assertion criteria provided,1,-,N,"ClinGen:CA120905,UniProtKB:P00492#VAR_006789,OMIM:308000.0048",1,10073,133632437,C,T,-,-,-,-,-,-,SCV000031002,-,-
25112,single nucleotide variant,NM_000194.2(HPRT1):c.503C>T (p.Thr168Ile),3251,HPRT1,HGNC:5157,Pathogenic,1,"Jan 01, 1990",137852498,-,RCV000010776,"MONDO:MONDO:0010299,MedGen:C0268117,OMIM:300323,Orphanet:79233",Partial hypoxanthine-guanine phosphoribosyltransferase deficiency,germline,germline,GRCh38,NC_000023.11,X,134498407,134498407,na,na,Xq26.2,no assertion criteria provided,1,-,N,"ClinGen:CA120905,UniProtKB:P00492#VAR_006789,OMIM:308000.0048",1,10073,134498407,C,T,-,-,-,-,-,-,SCV000031002,-,-
25116,single nucleotide variant,HPRT CHERMSIDE,3251,HPRT1,HGNC:5157,Pathogenic,1,"May 22, 2025",2077673385,-,RCV000010783|RCV001255650|RCV003764549,"MONDO:MONDO:0010298,MedGen:C0023374,OMIM:300322,Orphanet:510||MONDO:MONDO:0010298,MedGen:C0023374,OMIM:300322,Orphanet:510;MONDO:MONDO:0010299,MedGen:C0268117,OMIM:300323,Orphanet:79233",Lesch-Nyhan syndrome|HPRT CHERMSIDE|Lesch-Nyhan syndrome;Partial hypoxanthine-guanine phosphoribosyltransferase deficiency,germline,germline,GRCh37,NC_000023.10,X,133627621,133627621,na,na,Xq26.2,"criteria provided, single submitter",2,-,N,"ClinGen:CA414714619,OMIM:308000.0052",3,10077,133627621,G,A,-,-,-,-,-,-,SCV004571485,-,-
25116,single nucleotide variant,HPRT CHERMSIDE,3251,HPRT1,HGNC:5157,Pathogenic,1,"May 22, 2025",2077673385,-,RCV000010783|RCV001255650|RCV003764549,"MONDO:MONDO:0010298,MedGen:C0023374,OMIM:300322,Orphanet:510||MONDO:MONDO:0010298,MedGen:C0023374,OMIM:300322,Orphanet:510;MONDO:MONDO:0010299,MedGen:C0268117,OMIM:300323,Orphanet:79233",Lesch-Nyhan syndrome|HPRT CHERMSIDE|Lesch-Nyhan syndrome;Partial hypoxanthine-guanine phosphoribosyltransferase deficiency,germline,germline,GRCh38,NC_000023.11,X,134493591,134493591,na,na,Xq26.2,"criteria provided, single submitter",2,-,N,"ClinGen:CA414714619,OMIM:308000.0052",3,10077,134493591,G,A,-,-,-,-,-,-,SCV004571485,-,-
25123,single nucleotide variant,NM_000194.3(HPRT1):c.193C>T (p.Leu65Phe),3251,HPRT1,HGNC:5157,Pathogenic,1,"Mar 15, 2002",137852506,-,RCV000010796,"MONDO:MONDO:0010299,MedGen:C0268117,OMIM:300323,Orphanet:79233",Partial hypoxanthine-guanine phosphoribosyltransferase deficiency,germline,germline,GRCh37,NC_000023.10,X,133609269,133609269,na,na,Xq26.2,no assertion criteria provided,1,-,N,"ClinGen:CA120916,OMIM:308000.0059",1,10084,133609269,C,T,-,-,-,-,-,-,SCV000031023,-,-
25123,single nucleotide variant,NM_000194.3(HPRT1):c.193C>T (p.Leu65Phe),3251,HPRT1,HGNC:5157,Pathogenic,1,"Mar 15, 2002",137852506,-,RCV000010796,"MONDO:MONDO:0010299,MedGen:C0268117,OMIM:300323,Orphanet:79233",Partial hypoxanthine-guanine phosphoribosyltransferase deficiency,germline,germline,GRCh38,NC_000023.11,X,134475239,134475239,na,na,Xq26.2,no assertion criteria provided,1,-,N,"ClinGen:CA120916,OMIM:308000.0059",1,10084,134475239,C,T,-,-,-,-,-,-,SCV000031023,-,-
38940,single nucleotide variant,NM_000194.3(HPRT1):c.143G>A (p.Arg48His),3251,HPRT1,HGNC:5157,Pathogenic,1,"Jan 13, 2026",387906725,-,RCV000022877|RCV000690811|RCV001092162|RCV001255647|RCV003398561,"MedGen:C1845892|MONDO:MONDO:0010299,MedGen:C0268117,OMIM:300323,Orphanet:79233;MONDO:MONDO:0010298,MedGen:C0023374,OMIM:300322,Orphanet:510|MedGen:C3661900|MONDO:MONDO:0010299,MedGen:C0268117,OMIM:300323,Orphanet:79233|","Lesch-nyhan syndrome, neurologic variant|Partial hypoxanthine-guanine phosphoribosyltransferase deficiency;Lesch-Nyhan syndrome|not provided|Partial hypoxanthine-guanine phosphoribosyltransferase deficiency|HPRT1-related disorder",germline;unknown,germline,GRCh37,NC_000023.10,X,133609219,133609219,na,na,Xq26.2,"criteria provided, multiple submitters, no conflicts",6,-,N,"ClinGen:CA128815,UniProtKB:P00492#VAR_006761,OMIM:308000.0060",3,29985,133609219,G,A,-,-,-,-,-,-,SCV000818539|SCV001248543|SCV004241836,-,-
38940,single nucleotide variant,NM_000194.3(HPRT1):c.143G>A (p.Arg48His),3251,HPRT1,HGNC:5157,Pathogenic,1,"Jan 13, 2026",387906725,-,RCV000022877|RCV000690811|RCV001092162|RCV001255647|RCV003398561,"MedGen:C1845892|MONDO:MONDO:0010299,MedGen:C0268117,OMIM:300323,Orphanet:79233;MONDO:MONDO:0010298,MedGen:C0023374,OMIM:300322,Orphanet:510|MedGen:C3661900|MONDO:MONDO:0010299,MedGen:C0268117,OMIM:300323,Orphanet:79233|","Lesch-nyhan syndrome, neurologic variant|Partial hypoxanthine-guanine phosphoribosyltransferase deficiency;Lesch-Nyhan syndrome|not provided|Partial hypoxanthine-guanine phosphoribosyltransferase deficiency|HPRT1-related disorder",germline;unknown,germline,GRCh38,NC_000023.11,X,134475189,134475189,na,na,Xq26.2,"criteria provided, multiple submitters, no conflicts",6,-,N,"ClinGen:CA128815,UniProtKB:P00492#VAR_006761,OMIM:308000.0060",3,29985,134475189,G,A,-,-,-,-,-,-,SCV000818539|SCV001248543|SCV004241836,-,-
98511,single nucleotide variant,NM_000194.3(HPRT1):c.384+1G>A,3251,HPRT1,HGNC:5157,Pathogenic,1,"Oct 02, 2024",398123240,-,RCV000344145|RCV005222740,"MedGen:C3661900|MONDO:MONDO:0010298,MedGen:C0023374,OMIM:300322,Orphanet:510;MONDO:MONDO:0010299,MedGen:C0268117,OMIM:300323,Orphanet:79233",not provided|Lesch-Nyhan syndrome;Partial hypoxanthine-guanine phosphoribosyltransferase deficiency,germline,germline,GRCh37,NC_000023.10,X,133620561,133620561,na,na,Xq26.2,"criteria provided, multiple submitters, no conflicts",2,-,N,ClinGen:CA220477,2,92603,133620561,G,A,-,-,-,-,-,-,SCV000331049|SCV005863927,-,-
98511,single nucleotide variant,NM_000194.3(HPRT1):c.384+1G>A,3251,HPRT1,HGNC:5157,Pathogenic,1,"Oct 02, 2024",398123240,-,RCV000344145|RCV005222740,"MedGen:C3661900|MONDO:MONDO:0010298,MedGen:C0023374,OMIM:300322,Orphanet:510;MONDO:MONDO:0010299,MedGen:C0268117,OMIM:300323,Orphanet:79233",not provided|Lesch-Nyhan syndrome;Partial hypoxanthine-guanine phosphoribosyltransferase deficiency,germline,germline,GRCh38,NC_000023.11,X,134486531,134486531,na,na,Xq26.2,"criteria provided, multiple submitters, no conflicts",2,-,N,ClinGen:CA220477,2,92603,134486531,G,A,-,-,-,-,-,-,SCV000331049|SCV005863927,-,-
98512,single nucleotide variant,NM_000194.3(HPRT1):c.486-1G>A,3251,HPRT1,HGNC:5157,Pathogenic,1,"Apr 07, 2025",398123241,-,RCV000078345|RCV001854376|RCV005886166|RCV005886165,"MedGen:C3661900|MONDO:MONDO:0010298,MedGen:C0023374,OMIM:300322,Orphanet:510;MONDO:MONDO:0010299,MedGen:C0268117,OMIM:300323,Orphanet:79233|MedGen:C4721429|MedGen:CN074294","not provided|Lesch-Nyhan syndrome;Partial hypoxanthine-guanine phosphoribosyltransferase deficiency|Thyroid cancer, nonmedullary, 1|Nonpapillary renal cell carcinoma",germline;not applicable,germline,GRCh37,NC_000023.10,X,133632419,133632419,na,na,Xq26.2,"criteria provided, multiple submitters, no conflicts",3,-,N,ClinGen:CA220478,2,92604,133632419,G,A,-,-,-,-,-,-,SCV000110191|SCV002236780,-,-
98512,single nucleotide variant,NM_000194.3(HPRT1):c.486-1G>A,3251,HPRT1,HGNC:5157,Pathogenic,1,"Apr 07, 2025",398123241,-,RCV000078345|RCV001854376|RCV005886166|RCV005886165,"MedGen:C3661900|MONDO:MONDO:0010298,MedGen:C0023374,OMIM:300322,Orphanet:510;MONDO:MONDO:0010299,MedGen:C0268117,OMIM:300323,Orphanet:79233|MedGen:C4721429|MedGen:CN074294","not provided|Lesch-Nyhan syndrome;Partial hypoxanthine-guanine phosphoribosyltransferase deficiency|Thyroid cancer, nonmedullary, 1|Nonpapillary renal cell carcinoma",germline;not applicable,germline,GRCh38,NC_000023.11,X,134498389,134498389,na,na,Xq26.2,"criteria provided, multiple submitters, no conflicts",3,-,N,ClinGen:CA220478,2,92604,134498389,G,A,-,-,-,-,-,-,SCV000110191|SCV002236780,-,-
177771,single nucleotide variant,NM_000194.3(HPRT1):c.532+2T>G,3251,HPRT1,HGNC:5157,Pathogenic,1,"Mar 13, 2014",727503964,-,RCV000153368,MedGen:C3661900,not provided,germline,germline,GRCh37,NC_000023.10,X,133632468,133632468,na,na,Xq26.2,"criteria provided, single submitter",1,-,N,ClinGen:CA234123,2,167182,133632468,T,G,-,-,-,-,-,-,SCV000202852,-,-
177771,single nucleotide variant,NM_000194.3(HPRT1):c.532+2T>G,3251,HPRT1,HGNC:5157,Pathogenic,1,"Mar 13, 2014",727503964,-,RCV000153368,MedGen:C3661900,not provided,germline,germline,GRCh38,NC_000023.11,X,134498438,134498438,na,na,Xq26.2,"criteria provided, single submitter",1,-,N,ClinGen:CA234123,2,167182,134498438,T,G,-,-,-,-,-,-,SCV000202852,-,-
264805,single nucleotide variant,NM_000194.3(HPRT1):c.145C>T (p.Leu49Phe),3251,HPRT1,HGNC:5157,Pathogenic,1,"Sep 24, 2015",886041298,-,RCV000407541,MedGen:CN517202,not provided,germline,germline,GRCh37,NC_000023.10,X,133609221,133609221,na,na,Xq26.2,"criteria provided, single submitter",1,-,N,ClinGen:CA10603407,2,279979,133609221,C,T,-,-,-,-,-,-,SCV000329657,-,-
264805,single nucleotide variant,NM_000194.3(HPRT1):c.145C>T (p.Leu49Phe),3251,HPRT1,HGNC:5157,Pathogenic,1,"Sep 24, 2015",886041298,-,RCV000407541,MedGen:CN517202,not provided,germline,germline,GRCh38,NC_000023.11,X,134475191,134475191,na,na,Xq26.2,"criteria provided, single submitter",1,-,N,ClinGen:CA10603407,2,279979,134475191,C,T,-,-,-,-,-,-,SCV000329657,-,-
265138,single nucleotide variant,NM_000194.3(HPRT1):c.202C>T (p.Leu68Phe),3251,HPRT1,HGNC:5157,Pathogenic,1,"Jun 26, 2018",886041930,-,RCV000330466,MedGen:CN517202,not provided,germline,germline,GRCh37,NC_000023.10,X,133609278,133609278,na,na,Xq26.2,"criteria provided, single submitter",1,-,N,ClinGen:CA10603704,2,280785,133609278,C,T,-,-,-,-,-,-,SCV000330735,-,-
265138,single nucleotide variant,NM_000194.3(HPRT1):c.202C>T (p.Leu68Phe),3251,HPRT1,HGNC:5157,Pathogenic,1,"Jun 26, 2018",886041930,-,RCV000330466,MedGen:CN517202,not provided,germline,germline,GRCh38,NC_000023.11,X,134475248,134475248,na,na,Xq26.2,"criteria provided, single submitter",1,-,N,ClinGen:CA10603704,2,280785,134475248,C,T,-,-,-,-,-,-,SCV000330735,-,-
268410,single nucleotide variant,NM_000194.3(HPRT1):c.580G>C (p.Asp194His),3251,HPRT1,HGNC:5157,Pathogenic,1,"Oct 19, 2015",267606863,-,RCV000343059,MedGen:C3661900,not provided,germline,germline,GRCh37,NC_000023.10,X,133632685,133632685,na,na,Xq26.2,"criteria provided, single submitter",1,-,N,ClinGen:CA10604716,2,284173,133632685,G,C,-,-,-,-,-,-,SCV000336688,-,-
268410,single nucleotide variant,NM_000194.3(HPRT1):c.580G>C (p.Asp194His),3251,HPRT1,HGNC:5157,Pathogenic,1,"Oct 19, 2015",267606863,-,RCV000343059,MedGen:C3661900,not provided,germline,germline,GRCh38,NC_000023.11,X,134498655,134498655,na,na,Xq26.2,"criteria provided, single submitter",1,-,N,ClinGen:CA10604716,2,284173,134498655,G,C,-,-,-,-,-,-,SCV000336688,-,-
422414,single nucleotide variant,NM_000194.3(HPRT1):c.566T>C (p.Val189Ala),3251,HPRT1,HGNC:5157,Likely pathogenic,1,"Sep 15, 2015",1131691486,-,RCV000493834,MedGen:CN517202,not provided,germline,germline,GRCh37,NC_000023.10,X,133632671,133632671,na,na,Xq26.2,"criteria provided, single submitter",1,-,N,ClinGen:CA414715851,2,429604,133632671,T,C,-,-,-,-,-,-,SCV000582215,-,-
422414,single nucleotide variant,NM_000194.3(HPRT1):c.566T>C (p.Val189Ala),3251,HPRT1,HGNC:5157,Likely pathogenic,1,"Sep 15, 2015",1131691486,-,RCV000493834,MedGen:CN517202,not provided,germline,germline,GRCh38,NC_000023.11,X,134498641,134498641,na,na,Xq26.2,"criteria provided, single submitter",1,-,N,ClinGen:CA414715851,2,429604,134498641,T,C,-,-,-,-,-,-,SCV000582215,-,-
424675,single nucleotide variant,NM_000194.3(HPRT1):c.47G>T (p.Gly16Val),3251,HPRT1,HGNC:5157,Pathogenic,1,"Jan 06, 2017",1135401801,-,RCV000496113,"MONDO:MONDO:0010298,MedGen:C0023374,OMIM:300322,Orphanet:510",Lesch-Nyhan syndrome,maternal,germline,GRCh37,NC_000023.10,X,133607408,133607408,na,na,Xq26.2,"criteria provided, single submitter",1,-,N,ClinGen:CA414711272,2,431129,133607408,G,T,-,-,-,-,-,-,SCV000586762,-,-
424675,single nucleotide variant,NM_000194.3(HPRT1):c.47G>T (p.Gly16Val),3251,HPRT1,HGNC:5157,Pathogenic,1,"Jan 06, 2017",1135401801,-,RCV000496113,"MONDO:MONDO:0010298,MedGen:C0023374,OMIM:300322,Orphanet:510",Lesch-Nyhan syndrome,maternal,germline,GRCh38,NC_000023.11,X,134473378,134473378,na,na,Xq26.2,"criteria provided, single submitter",1,-,N,ClinGen:CA414711272,2,431129,134473378,G,T,-,-,-,-,-,-,SCV000586762,-,-
512592,single nucleotide variant,NM_000194.3(HPRT1):c.148G>C (p.Ala50Pro),3251,HPRT1,HGNC:5157,Likely pathogenic,1,"Oct 09, 2019",1556026984,-,RCV004025274,MedGen:CN580796,Nephrolithiasis/nephrocalcinosis,germline,germline,GRCh37,NC_000023.10,X,133609224,133609224,na,na,Xq26.2,"criteria provided, single submitter",1,-,N,ClinGen:CA414711880,2,521480,133609224,G,C,-,-,-,-,-,-,SCV000848655,-,-
512592,single nucleotide variant,NM_000194.3(HPRT1):c.148G>C (p.Ala50Pro),3251,HPRT1,HGNC:5157,Likely pathogenic,1,"Oct 09, 2019",1556026984,-,RCV004025274,MedGen:CN580796,Nephrolithiasis/nephrocalcinosis,germline,germline,GRCh38,NC_000023.11,X,134475194,134475194,na,na,Xq26.2,"criteria provided, single submitter",1,-,N,ClinGen:CA414711880,2,521480,134475194,G,C,-,-,-,-,-,-,SCV000848655,-,-
574292,single nucleotide variant,NM_000194.3(HPRT1):c.368C>G (p.Ser123Ter),3251,HPRT1,HGNC:5157,Pathogenic,1,"Apr 12, 2018",369065223,-,RCV000706332,"MONDO:MONDO:0010299,MedGen:C0268117,OMIM:300323,Orphanet:79233;MONDO:MONDO:0010298,MedGen:C0023374,OMIM:300322,Orphanet:510",Partial hypoxanthine-guanine phosphoribosyltransferase deficiency;Lesch-Nyhan syndrome,germline,germline,GRCh37,NC_000023.10,X,133620544,133620544,na,na,Xq26.2,"criteria provided, single submitter",1,-,N,ClinGen:CA414713712,2,582293,133620544,C,G,-,-,-,-,-,-,SCV000835375,-,-
574292,single nucleotide variant,NM_000194.3(HPRT1):c.368C>G (p.Ser123Ter),3251,HPRT1,HGNC:5157,Pathogenic,1,"Apr 12, 2018",369065223,-,RCV000706332,"MONDO:MONDO:0010299,MedGen:C0268117,OMIM:300323,Orphanet:79233;MONDO:MONDO:0010298,MedGen:C0023374,OMIM:300322,Orphanet:510",Partial hypoxanthine-guanine phosphoribosyltransferase deficiency;Lesch-Nyhan syndrome,germline,germline,GRCh38,NC_000023.11,X,134486514,134486514,na,na,Xq26.2,"criteria provided, single submitter",1,-,N,ClinGen:CA414713712,2,582293,134486514,C,G,-,-,-,-,-,-,SCV000835375,-,-
611934,single nucleotide variant,NM_000194.3(HPRT1):c.454C>T (p.Gln152Ter),3251,HPRT1,HGNC:5157,Pathogenic,1,"Oct 19, 2018",1569359021,-,RCV000760358,MedGen:CN517202,not provided,germline,germline,GRCh37,NC_000023.10,X,133627589,133627589,na,na,Xq26.2,"criteria provided, single submitter",1,-,N,ClinGen:CA414714438,2,620112,133627589,C,T,-,-,-,-,-,-,SCV000890220,-,-
611934,single nucleotide variant,NM_000194.3(HPRT1):c.454C>T (p.Gln152Ter),3251,HPRT1,HGNC:5157,Pathogenic,1,"Oct 19, 2018",1569359021,-,RCV000760358,MedGen:CN517202,not provided,germline,germline,GRCh38,NC_000023.11,X,134493559,134493559,na,na,Xq26.2,"criteria provided, single submitter",1,-,N,ClinGen:CA414714438,2,620112,134493559,C,T,-,-,-,-,-,-,SCV000890220,-,-
649709,single nucleotide variant,NM_000194.3(HPRT1):c.610C>T (p.His204Tyr),3251,HPRT1,HGNC:5157,Likely pathogenic,1,"Nov 06, 2018",137852490,-,RCV000810491,"MONDO:MONDO:0010298,MedGen:C0023374,OMIM:300322,Orphanet:510;MONDO:MONDO:0010299,MedGen:C0268117,OMIM:300323,Orphanet:79233",Lesch-Nyhan syndrome;Partial hypoxanthine-guanine phosphoribosyltransferase deficiency,germline,germline,GRCh37,NC_000023.10,X,133634060,133634060,na,na,Xq26.3,"criteria provided, single submitter",1,-,N,ClinGen:CA414716345,2,654514,133634060,C,T,-,-,-,-,-,-,SCV000950694,-,-
649709,single nucleotide variant,NM_000194.3(HPRT1):c.610C>T (p.His204Tyr),3251,HPRT1,HGNC:5157,Likely pathogenic,1,"Nov 06, 2018",137852490,-,RCV000810491,"MONDO:MONDO:0010298,MedGen:C0023374,OMIM:300322,Orphanet:510;MONDO:MONDO:0010299,MedGen:C0268117,OMIM:300323,Orphanet:79233",Lesch-Nyhan syndrome;Partial hypoxanthine-guanine phosphoribosyltransferase deficiency,germline,germline,GRCh38,NC_000023.11,X,134500030,134500030,na,na,Xq26.3,"criteria provided, single submitter",1,-,N,ClinGen:CA414716345,2,654514,134500030,C,T,-,-,-,-,-,-,SCV000950694,-,-
653438,single nucleotide variant,NM_000194.3(HPRT1):c.319-2A>G,3251,HPRT1,HGNC:5157,Pathogenic,1,"Jul 24, 2018",1602745376,-,RCV000800143,"MONDO:MONDO:0010298,MedGen:C0023374,OMIM:300322,Orphanet:510;MONDO:MONDO:0010299,MedGen:C0268117,OMIM:300323,Orphanet:79233",Lesch-Nyhan syndrome;Partial hypoxanthine-guanine phosphoribosyltransferase deficiency,germline,germline,GRCh37,NC_000023.10,X,133620493,133620493,na,na,Xq26.2,"criteria provided, single submitter",1,-,N,ClinGen:CA414713593,2,645956,133620493,A,G,-,-,-,-,-,-,SCV000939843,-,-
653438,single nucleotide variant,NM_000194.3(HPRT1):c.319-2A>G,3251,HPRT1,HGNC:5157,Pathogenic,1,"Jul 24, 2018",1602745376,-,RCV000800143,"MONDO:MONDO:0010298,MedGen:C0023374,OMIM:300322,Orphanet:510;MONDO:MONDO:0010299,MedGen:C0268117,OMIM:300323,Orphanet:79233",Lesch-Nyhan syndrome;Partial hypoxanthine-guanine phosphoribosyltransferase deficiency,germline,germline,GRCh38,NC_000023.11,X,134486463,134486463,na,na,Xq26.2,"criteria provided, single submitter",1,-,N,ClinGen:CA414713593,2,645956,134486463,A,G,-,-,-,-,-,-,SCV000939843,-,-
792123,single nucleotide variant,NM_000194.3(HPRT1):c.221T>G (p.Phe74Cys),3251,HPRT1,HGNC:5157,Pathogenic,1,"May 28, 2019",1602741150,-,RCV000990949,"MONDO:MONDO:0010298,MedGen:C0023374,OMIM:300322,Orphanet:510",Lesch-Nyhan syndrome,unknown,unknown,GRCh37,NC_000023.10,X,133609297,133609297,na,na,Xq26.2,"criteria provided, single submitter",1,-,N,ClinGen:CA414712112,2,804086,133609297,T,G,-,-,-,-,-,-,SCV001142020,-,-
792123,single nucleotide variant,NM_000194.3(HPRT1):c.221T>G (p.Phe74Cys),3251,HPRT1,HGNC:5157,Pathogenic,1,"May 28, 2019",1602741150,-,RCV000990949,"MONDO:MONDO:0010298,MedGen:C0023374,OMIM:300322,Orphanet:510",Lesch-Nyhan syndrome,unknown,unknown,GRCh38,NC_000023.11,X,134475267,134475267,na,na,Xq26.2,"criteria provided, single submitter",1,-,N,ClinGen:CA414712112,2,804086,134475267,T,G,-,-,-,-,-,-,SCV001142020,-,-
849664,single nucleotide variant,NM_000194.3(HPRT1):c.481G>A (p.Ala161Thr),3251,HPRT1,HGNC:5157,Likely pathogenic,1,"Dec 28, 2019",137852484,-,RCV001051587|RCV005912505,"MONDO:MONDO:0010298,MedGen:C0023374,OMIM:300322,Orphanet:510;MONDO:MONDO:0010299,MedGen:C0268117,OMIM:300323,Orphanet:79233|MedGen:C4721429","Lesch-Nyhan syndrome;Partial hypoxanthine-guanine phosphoribosyltransferase deficiency|Thyroid cancer, nonmedullary, 1",germline;not applicable,germline,GRCh37,NC_000023.10,X,133627616,133627616,na,na,Xq26.2,"criteria provided, single submitter",2,-,N,ClinGen:CA414714591,2,847940,133627616,G,A,-,-,-,-,-,-,SCV001215751,-,-
849664,single nucleotide variant,NM_000194.3(HPRT1):c.481G>A (p.Ala161Thr),3251,HPRT1,HGNC:5157,Likely pathogenic,1,"Dec 28, 2019",137852484,-,RCV001051587|RCV005912505,"MONDO:MONDO:0010298,MedGen:C0023374,OMIM:300322,Orphanet:510;MONDO:MONDO:0010299,MedGen:C0268117,OMIM:300323,Orphanet:79233|MedGen:C4721429","Lesch-Nyhan syndrome;Partial hypoxanthine-guanine phosphoribosyltransferase deficiency|Thyroid cancer, nonmedullary, 1",germline;not applicable,germline,GRCh38,NC_000023.11,X,134493586,134493586,na,na,Xq26.2,"criteria provided, single submitter",2,-,N,ClinGen:CA414714591,2,847940,134493586,G,A,-,-,-,-,-,-,SCV001215751,-,-
851938,single nucleotide variant,NM_000194.3(HPRT1):c.486-2A>G,3251,HPRT1,HGNC:5157,Pathogenic,1,"Nov 15, 2022",2077687102,-,RCV001063460,"MONDO:MONDO:0010299,MedGen:C0268117,OMIM:300323,Orphanet:79233;MONDO:MONDO:0010298,MedGen:C0023374,OMIM:300322,Orphanet:510",Partial hypoxanthine-guanine phosphoribosyltransferase deficiency;Lesch-Nyhan syndrome,germline,germline,GRCh37,NC_000023.10,X,133632418,133632418,na,na,Xq26.2,"criteria provided, single submitter",1,-,N,ClinGen:CA414715454,2,857727,133632418,A,G,-,-,-,-,-,-,SCV001228307,-,-
851938,single nucleotide variant,NM_000194.3(HPRT1):c.486-2A>G,3251,HPRT1,HGNC:5157,Pathogenic,1,"Nov 15, 2022",2077687102,-,RCV001063460,"MONDO:MONDO:0010299,MedGen:C0268117,OMIM:300323,Orphanet:79233;MONDO:MONDO:0010298,MedGen:C0023374,OMIM:300322,Orphanet:510",Partial hypoxanthine-guanine phosphoribosyltransferase deficiency;Lesch-Nyhan syndrome,germline,germline,GRCh38,NC_000023.11,X,134498388,134498388,na,na,Xq26.2,"criteria provided, single submitter",1,-,N,ClinGen:CA414715454,2,857727,134498388,A,G,-,-,-,-,-,-,SCV001228307,-,-
980816,single nucleotide variant,NM_000194.3(HPRT1):c.533-1G>A,3251,HPRT1,HGNC:5157,Pathogenic,1,-,2520840416,-,RCV001281641,MedGen:C3661900,not provided,germline,germline,GRCh37,NC_000023.10,X,133632637,133632637,na,na,Xq26.2,"criteria provided, single submitter",1,-,N,ClinGen:CA414715679,2,992870,133632637,G,A,-,-,-,-,-,-,SCV001468980,-,-
980816,single nucleotide variant,NM_000194.3(HPRT1):c.533-1G>A,3251,HPRT1,HGNC:5157,Pathogenic,1,-,2520840416,-,RCV001281641,MedGen:C3661900,not provided,germline,germline,GRCh38,NC_000023.11,X,134498607,134498607,na,na,Xq26.2,"criteria provided, single submitter",1,-,N,ClinGen:CA414715679,2,992870,134498607,G,A,-,-,-,-,-,-,SCV001468980,-,-
1035361,single nucleotide variant,NM_000194.3(HPRT1):c.486-3C>G,3251,HPRT1,HGNC:5157,Pathogenic,1,"Mar 04, 2024",2077687093,-,RCV001342916,"MONDO:MONDO:0010298,MedGen:C0023374,OMIM:300322,Orphanet:510;MONDO:MONDO:0010299,MedGen:C0268117,OMIM:300323,Orphanet:79233",Lesch-Nyhan syndrome;Partial hypoxanthine-guanine phosphoribosyltransferase deficiency,germline,germline,GRCh37,NC_000023.10,X,133632417,133632417,na,na,Xq26.2,"criteria provided, single submitter",1,-,N,ClinGen:CA2459744881,2,1039442,133632417,C,G,-,-,-,-,-,-,SCV001536868,-,-
1035361,single nucleotide variant,NM_000194.3(HPRT1):c.486-3C>G,3251,HPRT1,HGNC:5157,Pathogenic,1,"Mar 04, 2024",2077687093,-,RCV001342916,"MONDO:MONDO:0010298,MedGen:C0023374,OMIM:300322,Orphanet:510;MONDO:MONDO:0010299,MedGen:C0268117,OMIM:300323,Orphanet:79233",Lesch-Nyhan syndrome;Partial hypoxanthine-guanine phosphoribosyltransferase deficiency,germline,germline,GRCh38,NC_000023.11,X,134498387,134498387,na,na,Xq26.2,"criteria provided, single submitter",1,-,N,ClinGen:CA2459744881,2,1039442,134498387,C,G,-,-,-,-,-,-,SCV001536868,-,-
1065163,single nucleotide variant,NM_000194.3(HPRT1):c.212G>T (p.Gly71Val),3251,HPRT1,HGNC:5157,Pathogenic,1,"Aug 31, 2021",2124291450,-,RCV001387578,"MONDO:MONDO:0010299,MedGen:C0268117,OMIM:300323,Orphanet:79233;MONDO:MONDO:0010298,MedGen:C0023374,OMIM:300322,Orphanet:510",Partial hypoxanthine-guanine phosphoribosyltransferase deficiency;Lesch-Nyhan syndrome,germline,germline,GRCh37,NC_000023.10,X,133609288,133609288,na,na,Xq26.2,"criteria provided, single submitter",1,-,N,ClinGen:CA414712090,2,1074315,133609288,G,T,-,-,-,-,-,-,SCV001588246,-,-
1065163,single nucleotide variant,NM_000194.3(HPRT1):c.212G>T (p.Gly71Val),3251,HPRT1,HGNC:5157,Pathogenic,1,"Aug 31, 2021",2124291450,-,RCV001387578,"MONDO:MONDO:0010299,MedGen:C0268117,OMIM:300323,Orphanet:79233;MONDO:MONDO:0010298,MedGen:C0023374,OMIM:300322,Orphanet:510",Partial hypoxanthine-guanine phosphoribosyltransferase deficiency;Lesch-Nyhan syndrome,germline,germline,GRCh38,NC_000023.11,X,134475258,134475258,na,na,Xq26.2,"criteria provided, single submitter",1,-,N,ClinGen:CA414712090,2,1074315,134475258,G,T,-,-,-,-,-,-,SCV001588246,-,-
1174393,single nucleotide variant,NM_000194.3(HPRT1):c.539G>A (p.Gly180Glu),3251,HPRT1,HGNC:5157,Pathogenic,1,-,2124305307,-,RCV001542504,"MONDO:MONDO:0010298,MedGen:C0023374,OMIM:300322,Orphanet:510",Lesch-Nyhan syndrome,germline,germline,GRCh37,NC_000023.10,X,133632644,133632644,na,na,Xq26.2,no assertion criteria provided,1,-,N,ClinGen:CA414715722,2,1184469,133632644,G,A,-,-,-,-,-,-,SCV001760503,-,-
1174393,single nucleotide variant,NM_000194.3(HPRT1):c.539G>A (p.Gly180Glu),3251,HPRT1,HGNC:5157,Pathogenic,1,-,2124305307,-,RCV001542504,"MONDO:MONDO:0010298,MedGen:C0023374,OMIM:300322,Orphanet:510",Lesch-Nyhan syndrome,germline,germline,GRCh38,NC_000023.11,X,134498614,134498614,na,na,Xq26.2,no assertion criteria provided,1,-,N,ClinGen:CA414715722,2,1184469,134498614,G,A,-,-,-,-,-,-,SCV001760503,-,-
1373724,single nucleotide variant,NM_000194.3(HPRT1):c.118G>T (p.Gly40Ter),3251,HPRT1,HGNC:5157,Pathogenic,1,"Jan 08, 2021",2124290355,-,RCV001889471,"MONDO:MONDO:0010298,MedGen:C0023374,OMIM:300322,Orphanet:510;MONDO:MONDO:0010299,MedGen:C0268117,OMIM:300323,Orphanet:79233",Lesch-Nyhan syndrome;Partial hypoxanthine-guanine phosphoribosyltransferase deficiency,germline,germline,GRCh37,NC_000023.10,X,133607479,133607479,na,na,Xq26.2,"criteria provided, single submitter",1,-,N,ClinGen:CA414711443,2,1390125,133607479,G,T,-,-,-,-,-,-,SCV002160831,-,-
1373724,single nucleotide variant,NM_000194.3(HPRT1):c.118G>T (p.Gly40Ter),3251,HPRT1,HGNC:5157,Pathogenic,1,"Jan 08, 2021",2124290355,-,RCV001889471,"MONDO:MONDO:0010298,MedGen:C0023374,OMIM:300322,Orphanet:510;MONDO:MONDO:0010299,MedGen:C0268117,OMIM:300323,Orphanet:79233",Lesch-Nyhan syndrome;Partial hypoxanthine-guanine phosphoribosyltransferase deficiency,germline,germline,GRCh38,NC_000023.11,X,134473449,134473449,na,na,Xq26.2,"criteria provided, single submitter",1,-,N,ClinGen:CA414711443,2,1390125,134473449,G,T,-,-,-,-,-,-,SCV002160831,-,-
1455685,single nucleotide variant,NM_000194.3(HPRT1):c.191C>A (p.Ala64Asp),3251,HPRT1,HGNC:5157,Pathogenic,1,"Aug 21, 2025",2124291425,-,RCV002045579,"MONDO:MONDO:0010298,MedGen:C0023374,OMIM:300322,Orphanet:510;MONDO:MONDO:0010299,MedGen:C0268117,OMIM:300323,Orphanet:79233",Lesch-Nyhan syndrome;Partial hypoxanthine-guanine phosphoribosyltransferase deficiency,germline,germline,GRCh37,NC_000023.10,X,133609267,133609267,na,na,Xq26.2,"criteria provided, single submitter",1,-,N,ClinGen:CA414712046,2,1512051,133609267,C,A,-,-,-,-,-,-,SCV002302404,-,-
1455685,single nucleotide variant,NM_000194.3(HPRT1):c.191C>A (p.Ala64Asp),3251,HPRT1,HGNC:5157,Pathogenic,1,"Aug 21, 2025",2124291425,-,RCV002045579,"MONDO:MONDO:0010298,MedGen:C0023374,OMIM:300322,Orphanet:510;MONDO:MONDO:0010299,MedGen:C0268117,OMIM:300323,Orphanet:79233",Lesch-Nyhan syndrome;Partial hypoxanthine-guanine phosphoribosyltransferase deficiency,germline,germline,GRCh38,NC_000023.11,X,134475237,134475237,na,na,Xq26.2,"criteria provided, single submitter",1,-,N,ClinGen:CA414712046,2,1512051,134475237,C,A,-,-,-,-,-,-,SCV002302404,-,-
1481287,single nucleotide variant,NM_000194.3(HPRT1):c.430C>T (p.Gln144Ter),3251,HPRT1,HGNC:5157,Pathogenic,1,"Nov 03, 2021",2124302024,-,RCV001951336,"MONDO:MONDO:0010298,MedGen:C0023374,OMIM:300322,Orphanet:510;MONDO:MONDO:0010299,MedGen:C0268117,OMIM:300323,Orphanet:79233",Lesch-Nyhan syndrome;Partial hypoxanthine-guanine phosphoribosyltransferase deficiency,germline,germline,GRCh37,NC_000023.10,X,133627565,133627565,na,na,Xq26.2,"criteria provided, single submitter",1,-,N,ClinGen:CA414714307,2,1459930,133627565,C,T,-,-,-,-,-,-,SCV002243870,-,-
1481287,single nucleotide variant,NM_000194.3(HPRT1):c.430C>T (p.Gln144Ter),3251,HPRT1,HGNC:5157,Pathogenic,1,"Nov 03, 2021",2124302024,-,RCV001951336,"MONDO:MONDO:0010298,MedGen:C0023374,OMIM:300322,Orphanet:510;MONDO:MONDO:0010299,MedGen:C0268117,OMIM:300323,Orphanet:79233",Lesch-Nyhan syndrome;Partial hypoxanthine-guanine phosphoribosyltransferase deficiency,germline,germline,GRCh38,NC_000023.11,X,134493535,134493535,na,na,Xq26.2,"criteria provided, single submitter",1,-,N,ClinGen:CA414714307,2,1459930,134493535,C,T,-,-,-,-,-,-,SCV002243870,-,-
1677368,single nucleotide variant,NM_000194.3(HPRT1):c.134+1G>C,3251,HPRT1,HGNC:5157,Likely pathogenic,1,"May 04, 2022",2124290378,-,RCV002249075,"MONDO:MONDO:0010298,MedGen:C0023374,OMIM:300322,Orphanet:510",Lesch-Nyhan syndrome,germline,germline,GRCh37,NC_000023.10,X,133607496,133607496,na,na,Xq26.2,"criteria provided, single submitter",1,-,N,ClinGen:CA414711480,2,1685348,133607496,G,C,-,-,-,-,-,-,SCV002517281,-,-
1677368,single nucleotide variant,NM_000194.3(HPRT1):c.134+1G>C,3251,HPRT1,HGNC:5157,Likely pathogenic,1,"May 04, 2022",2124290378,-,RCV002249075,"MONDO:MONDO:0010298,MedGen:C0023374,OMIM:300322,Orphanet:510",Lesch-Nyhan syndrome,germline,germline,GRCh38,NC_000023.11,X,134473466,134473466,na,na,Xq26.2,"criteria provided, single submitter",1,-,N,ClinGen:CA414711480,2,1685348,134473466,G,C,-,-,-,-,-,-,SCV002517281,-,-
1677369,single nucleotide variant,NM_000194.3(HPRT1):c.384+1G>T,3251,HPRT1,HGNC:5157,Likely pathogenic,1,"May 04, 2022",398123240,-,RCV002249076,"MONDO:MONDO:0010298,MedGen:C0023374,OMIM:300322,Orphanet:510",Lesch-Nyhan syndrome,germline,germline,GRCh37,NC_000023.10,X,133620561,133620561,na,na,Xq26.2,"criteria provided, single submitter",1,-,N,ClinGen:CA414713746,2,1685349,133620561,G,T,-,-,-,-,-,-,SCV002517282,-,-
1677369,single nucleotide variant,NM_000194.3(HPRT1):c.384+1G>T,3251,HPRT1,HGNC:5157,Likely pathogenic,1,"May 04, 2022",398123240,-,RCV002249076,"MONDO:MONDO:0010298,MedGen:C0023374,OMIM:300322,Orphanet:510",Lesch-Nyhan syndrome,germline,germline,GRCh38,NC_000023.11,X,134486531,134486531,na,na,Xq26.2,"criteria provided, single submitter",1,-,N,ClinGen:CA414713746,2,1685349,134486531,G,T,-,-,-,-,-,-,SCV002517282,-,-
1677898,single nucleotide variant,NM_000194.3(HPRT1):c.233T>C (p.Leu78Pro),3251,HPRT1,HGNC:5157,Pathogenic,1,"May 04, 2022",2124291470,-,RCV002250052,"MONDO:MONDO:0010298,MedGen:C0023374,OMIM:300322,Orphanet:510",Lesch-Nyhan syndrome,germline,germline,GRCh37,NC_000023.10,X,133609309,133609309,na,na,Xq26.2,"criteria provided, single submitter",1,-,N,ClinGen:CA414712138,2,1685885,133609309,T,C,-,-,-,-,-,-,SCV002516562,-,-
1677898,single nucleotide variant,NM_000194.3(HPRT1):c.233T>C (p.Leu78Pro),3251,HPRT1,HGNC:5157,Pathogenic,1,"May 04, 2022",2124291470,-,RCV002250052,"MONDO:MONDO:0010298,MedGen:C0023374,OMIM:300322,Orphanet:510",Lesch-Nyhan syndrome,germline,germline,GRCh38,NC_000023.11,X,134475279,134475279,na,na,Xq26.2,"criteria provided, single submitter",1,-,N,ClinGen:CA414712138,2,1685885,134475279,T,C,-,-,-,-,-,-,SCV002516562,-,-
1692418,single nucleotide variant,NM_000194.3(HPRT1):c.1A>G (p.Met1Val),3251,HPRT1,HGNC:5157,Pathogenic,1,"Jul 14, 2022",2124280504,-,RCV002274283,"MONDO:MONDO:0010298,MedGen:C0023374,OMIM:300322,Orphanet:510",Lesch-Nyhan syndrome,germline,germline,GRCh37,NC_000023.10,X,133594342,133594342,na,na,Xq26.2,"criteria provided, single submitter",1,-,N,ClinGen:CA414711154,2,1700018,133594342,A,G,-,-,-,-,-,-,SCV002558840,-,-
1692418,single nucleotide variant,NM_000194.3(HPRT1):c.1A>G (p.Met1Val),3251,HPRT1,HGNC:5157,Pathogenic,1,"Jul 14, 2022",2124280504,-,RCV002274283,"MONDO:MONDO:0010298,MedGen:C0023374,OMIM:300322,Orphanet:510",Lesch-Nyhan syndrome,germline,germline,GRCh38,NC_000023.11,X,134460312,134460312,na,na,Xq26.2,"criteria provided, single submitter",1,-,N,ClinGen:CA414711154,2,1700018,134460312,A,G,-,-,-,-,-,-,SCV002558840,-,-
1707216,single nucleotide variant,NM_000194.3(HPRT1):c.203T>C (p.Leu68Pro),3251,HPRT1,HGNC:5157,Pathogenic,1,"Apr 07, 2022",2520785369,-,RCV002288146,MedGen:C3661900,not provided,germline,germline,GRCh37,NC_000023.10,X,133609279,133609279,na,na,Xq26.2,"criteria provided, single submitter",1,-,N,ClinGen:CA414712071,2,1708862,133609279,T,C,-,-,-,-,-,-,SCV002578732,-,-
1707216,single nucleotide variant,NM_000194.3(HPRT1):c.203T>C (p.Leu68Pro),3251,HPRT1,HGNC:5157,Pathogenic,1,"Apr 07, 2022",2520785369,-,RCV002288146,MedGen:C3661900,not provided,germline,germline,GRCh38,NC_000023.11,X,134475249,134475249,na,na,Xq26.2,"criteria provided, single submitter",1,-,N,ClinGen:CA414712071,2,1708862,134475249,T,C,-,-,-,-,-,-,SCV002578732,-,-
1829790,single nucleotide variant,NM_000194.3(HPRT1):c.140A>T (p.Glu47Val),3251,HPRT1,HGNC:5157,Likely pathogenic,1,"Jan 16, 2015",2520785056,-,RCV004057171,MedGen:CN580796,Nephrolithiasis/nephrocalcinosis,germline,germline,GRCh37,NC_000023.10,X,133609216,133609216,na,na,Xq26.2,"criteria provided, single submitter",1,-,N,ClinGen:CA414711853,2,1771978,133609216,A,T,-,-,-,-,-,-,SCV002699232,-,-
1829790,single nucleotide variant,NM_000194.3(HPRT1):c.140A>T (p.Glu47Val),3251,HPRT1,HGNC:5157,Likely pathogenic,1,"Jan 16, 2015",2520785056,-,RCV004057171,MedGen:CN580796,Nephrolithiasis/nephrocalcinosis,germline,germline,GRCh38,NC_000023.11,X,134475186,134475186,na,na,Xq26.2,"criteria provided, single submitter",1,-,N,ClinGen:CA414711853,2,1771978,134475186,A,T,-,-,-,-,-,-,SCV002699232,-,-
1862108,single nucleotide variant,NM_000194.3(HPRT1):c.568G>T (p.Gly190Ter),3251,HPRT1,HGNC:5157,Pathogenic,1,"Oct 19, 2020",2520840504,-,RCV002471511,"MONDO:MONDO:0010298,MedGen:C0023374,OMIM:300322,Orphanet:510",Lesch-Nyhan syndrome,germline,germline,GRCh37,NC_000023.10,X,133632673,133632673,na,na,Xq26.2,"criteria provided, single submitter",1,-,N,ClinGen:CA414715860,2,1805093,133632673,G,T,-,-,-,-,-,-,SCV002768242,-,-
1862108,single nucleotide variant,NM_000194.3(HPRT1):c.568G>T (p.Gly190Ter),3251,HPRT1,HGNC:5157,Pathogenic,1,"Oct 19, 2020",2520840504,-,RCV002471511,"MONDO:MONDO:0010298,MedGen:C0023374,OMIM:300322,Orphanet:510",Lesch-Nyhan syndrome,germline,germline,GRCh38,NC_000023.11,X,134498643,134498643,na,na,Xq26.2,"criteria provided, single submitter",1,-,N,ClinGen:CA414715860,2,1805093,134498643,G,T,-,-,-,-,-,-,SCV002768242,-,-
1878397,single nucleotide variant,NM_000194.3(HPRT1):c.611A>T (p.His204Leu),3251,HPRT1,HGNC:5157,Pathogenic,1,"Jul 21, 2022",2520844451,-,RCV003050654,"MONDO:MONDO:0010299,MedGen:C0268117,OMIM:300323,Orphanet:79233;MONDO:MONDO:0010298,MedGen:C0023374,OMIM:300322,Orphanet:510",Partial hypoxanthine-guanine phosphoribosyltransferase deficiency;Lesch-Nyhan syndrome,germline,germline,GRCh37,NC_000023.10,X,133634061,133634061,na,na,Xq26.3,"criteria provided, single submitter",1,-,N,ClinGen:CA414716349,2,2138724,133634061,A,T,-,-,-,-,-,-,SCV003445843,-,-
1878397,single nucleotide variant,NM_000194.3(HPRT1):c.611A>T (p.His204Leu),3251,HPRT1,HGNC:5157,Pathogenic,1,"Jul 21, 2022",2520844451,-,RCV003050654,"MONDO:MONDO:0010299,MedGen:C0268117,OMIM:300323,Orphanet:79233;MONDO:MONDO:0010298,MedGen:C0023374,OMIM:300322,Orphanet:510",Partial hypoxanthine-guanine phosphoribosyltransferase deficiency;Lesch-Nyhan syndrome,germline,germline,GRCh38,NC_000023.11,X,134500031,134500031,na,na,Xq26.3,"criteria provided, single submitter",1,-,N,ClinGen:CA414716349,2,2138724,134500031,A,T,-,-,-,-,-,-,SCV003445843,-,-
2405199,single nucleotide variant,NM_000194.3(HPRT1):c.580G>T (p.Asp194Tyr),3251,HPRT1,HGNC:5157,Likely pathogenic,1,"Jun 16, 2022",267606863,-,RCV003142331,"MONDO:MONDO:0010298,MedGen:C0023374,OMIM:300322,Orphanet:510",Lesch-Nyhan syndrome,germline,germline,GRCh37,NC_000023.10,X,133632685,133632685,na,na,Xq26.2,"criteria provided, single submitter",1,-,N,ClinGen:CA414715927,2,2431695,133632685,G,T,-,-,-,-,-,-,SCV003807865,-,-
2405199,single nucleotide variant,NM_000194.3(HPRT1):c.580G>T (p.Asp194Tyr),3251,HPRT1,HGNC:5157,Likely pathogenic,1,"Jun 16, 2022",267606863,-,RCV003142331,"MONDO:MONDO:0010298,MedGen:C0023374,OMIM:300322,Orphanet:510",Lesch-Nyhan syndrome,germline,germline,GRCh38,NC_000023.11,X,134498655,134498655,na,na,Xq26.2,"criteria provided, single submitter",1,-,N,ClinGen:CA414715927,2,2431695,134498655,G,T,-,-,-,-,-,-,SCV003807865,-,-
2831522,single nucleotide variant,NM_000194.3(HPRT1):c.28-2A>G,3251,HPRT1,HGNC:5157,Likely pathogenic,1,"Nov 24, 2023",1569354918,-,RCV003444515,"MONDO:MONDO:0010298,MedGen:C0023374,OMIM:300322,Orphanet:510",Lesch-Nyhan syndrome,germline,germline,GRCh37,NC_000023.10,X,133607387,133607387,na,na,Xq26.2,no assertion criteria provided,1,-,N,ClinGen:CA414711220,2,2664053,133607387,A,G,-,-,-,-,-,-,SCV004171665,-,-
2831522,single nucleotide variant,NM_000194.3(HPRT1):c.28-2A>G,3251,HPRT1,HGNC:5157,Likely pathogenic,1,"Nov 24, 2023",1569354918,-,RCV003444515,"MONDO:MONDO:0010298,MedGen:C0023374,OMIM:300322,Orphanet:510",Lesch-Nyhan syndrome,germline,germline,GRCh38,NC_000023.11,X,134473357,134473357,na,na,Xq26.2,no assertion criteria provided,1,-,N,ClinGen:CA414711220,2,2664053,134473357,A,G,-,-,-,-,-,-,SCV004171665,-,-
3082681,single nucleotide variant,NM_000194.3(HPRT1):c.402+1229A>G,3251,HPRT1,HGNC:5157,Likely pathogenic,1,"Mar 13, 2023",1247346147,-,RCV003783780,"MONDO:MONDO:0010299,MedGen:C0268117,OMIM:300323,Orphanet:79233;MONDO:MONDO:0010298,MedGen:C0023374,OMIM:300322,Orphanet:510",Partial hypoxanthine-guanine phosphoribosyltransferase deficiency;Lesch-Nyhan syndrome,germline,germline,GRCh37,NC_000023.10,X,133625464,133625464,na,na,Xq26.2,"criteria provided, single submitter",1,-,N,ClinGen:CA2695236042,2,2925686,133625464,A,G,-,-,-,-,-,-,SCV004571518,-,-
3082681,single nucleotide variant,NM_000194.3(HPRT1):c.402+1229A>G,3251,HPRT1,HGNC:5157,Likely pathogenic,1,"Mar 13, 2023",1247346147,-,RCV003783780,"MONDO:MONDO:0010299,MedGen:C0268117,OMIM:300323,Orphanet:79233;MONDO:MONDO:0010298,MedGen:C0023374,OMIM:300322,Orphanet:510",Partial hypoxanthine-guanine phosphoribosyltransferase deficiency;Lesch-Nyhan syndrome,germline,germline,GRCh38,NC_000023.11,X,134491434,134491434,na,na,Xq26.2,"criteria provided, single submitter",1,-,N,ClinGen:CA2695236042,2,2925686,134491434,A,G,-,-,-,-,-,-,SCV004571518,-,-
3082682,single nucleotide variant,NM_000194.3(HPRT1):c.403G>T (p.Asp135Tyr),3251,HPRT1,HGNC:5157,Pathogenic,1,"Aug 04, 2023",2520830173,-,RCV003783781,"MONDO:MONDO:0010299,MedGen:C0268117,OMIM:300323,Orphanet:79233;MONDO:MONDO:0010298,MedGen:C0023374,OMIM:300322,Orphanet:510",Partial hypoxanthine-guanine phosphoribosyltransferase deficiency;Lesch-Nyhan syndrome,germline,germline,GRCh37,NC_000023.10,X,133627538,133627538,na,na,Xq26.2,"criteria provided, single submitter",1,-,N,ClinGen:CA414714151,2,2925687,133627538,G,T,-,-,-,-,-,-,SCV004571484,-,-
3082682,single nucleotide variant,NM_000194.3(HPRT1):c.403G>T (p.Asp135Tyr),3251,HPRT1,HGNC:5157,Pathogenic,1,"Aug 04, 2023",2520830173,-,RCV003783781,"MONDO:MONDO:0010299,MedGen:C0268117,OMIM:300323,Orphanet:79233;MONDO:MONDO:0010298,MedGen:C0023374,OMIM:300322,Orphanet:510",Partial hypoxanthine-guanine phosphoribosyltransferase deficiency;Lesch-Nyhan syndrome,germline,germline,GRCh38,NC_000023.11,X,134493508,134493508,na,na,Xq26.2,"criteria provided, single submitter",1,-,N,ClinGen:CA414714151,2,2925687,134493508,G,T,-,-,-,-,-,-,SCV004571484,-,-
3411302,single nucleotide variant,NM_000194.3(HPRT1):c.532+1G>A,3251,HPRT1,HGNC:5157,Pathogenic,1,"Dec 07, 2023",2520839861,-,RCV004588993,MedGen:C3661900,not provided,germline,germline,GRCh37,NC_000023.10,X,133632467,133632467,na,na,Xq26.2,"criteria provided, single submitter",1,-,N,-,2,3252507,133632467,G,A,-,-,-,-,-,-,SCV005080895,-,-
3411302,single nucleotide variant,NM_000194.3(HPRT1):c.532+1G>A,3251,HPRT1,HGNC:5157,Pathogenic,1,"Dec 07, 2023",2520839861,-,RCV004588993,MedGen:C3661900,not provided,germline,germline,GRCh38,NC_000023.11,X,134498437,134498437,na,na,Xq26.2,"criteria provided, single submitter",1,-,N,-,2,3252507,134498437,G,A,-,-,-,-,-,-,SCV005080895,-,-
3414366,single nucleotide variant,NM_000194.3(HPRT1):c.416C>A (p.Thr139Asn),3251,HPRT1,HGNC:5157,Likely pathogenic,1,"Jan 05, 2021",-1,-,RCV004596702,"MONDO:MONDO:0010298,MedGen:C0023374,OMIM:300322,Orphanet:510",Lesch-Nyhan syndrome,germline,germline,GRCh37,NC_000023.10,X,133627551,133627551,na,na,Xq26.2,"criteria provided, single submitter",1,-,N,-,2,3255603,133627551,C,A,-,-,-,-,-,-,SCV005088868,-,-
3414366,single nucleotide variant,NM_000194.3(HPRT1):c.416C>A (p.Thr139Asn),3251,HPRT1,HGNC:5157,Likely pathogenic,1,"Jan 05, 2021",-1,-,RCV004596702,"MONDO:MONDO:0010298,MedGen:C0023374,OMIM:300322,Orphanet:510",Lesch-Nyhan syndrome,germline,germline,GRCh38,NC_000023.11,X,134493521,134493521,na,na,Xq26.2,"criteria provided, single submitter",1,-,N,-,2,3255603,134493521,C,A,-,-,-,-,-,-,SCV005088868,-,-
3550519,single nucleotide variant,NM_000194.3(HPRT1):c.440T>C (p.Leu147Pro),3251,HPRT1,HGNC:5157,Likely pathogenic,1,"Dec 20, 2024",-1,-,RCV004819057,MedGen:C3661900,not provided,germline,germline,GRCh37,NC_000023.10,X,133627575,133627575,na,na,Xq26.2,"criteria provided, single submitter",1,-,N,-,2,3391437,133627575,T,C,-,-,-,-,-,-,SCV005439151,-,-
3550519,single nucleotide variant,NM_000194.3(HPRT1):c.440T>C (p.Leu147Pro),3251,HPRT1,HGNC:5157,Likely pathogenic,1,"Dec 20, 2024",-1,-,RCV004819057,MedGen:C3661900,not provided,germline,germline,GRCh38,NC_000023.11,X,134493545,134493545,na,na,Xq26.2,"criteria provided, single submitter",1,-,N,-,2,3391437,134493545,T,C,-,-,-,-,-,-,SCV005439151,-,-
3729537,single nucleotide variant,NM_000194.3(HPRT1):c.47G>C (p.Gly16Ala),3251,HPRT1,HGNC:5157,Likely pathogenic,1,"Jun 19, 2024",-1,-,RCV005041607,"MONDO:MONDO:0010298,MedGen:C0023374,OMIM:300322,Orphanet:510;MONDO:MONDO:0010299,MedGen:C0268117,OMIM:300323,Orphanet:79233",Lesch-Nyhan syndrome;Partial hypoxanthine-guanine phosphoribosyltransferase deficiency,germline,germline,GRCh37,NC_000023.10,X,133607408,133607408,na,na,Xq26.2,"criteria provided, single submitter",1,-,N,-,2,3598052,133607408,G,C,-,-,-,-,-,-,SCV005683329,-,-
3729537,single nucleotide variant,NM_000194.3(HPRT1):c.47G>C (p.Gly16Ala),3251,HPRT1,HGNC:5157,Likely pathogenic,1,"Jun 19, 2024",-1,-,RCV005041607,"MONDO:MONDO:0010298,MedGen:C0023374,OMIM:300322,Orphanet:510;MONDO:MONDO:0010299,MedGen:C0268117,OMIM:300323,Orphanet:79233",Lesch-Nyhan syndrome;Partial hypoxanthine-guanine phosphoribosyltransferase deficiency,germline,germline,GRCh38,NC_000023.11,X,134473378,134473378,na,na,Xq26.2,"criteria provided, single submitter",1,-,N,-,2,3598052,134473378,G,C,-,-,-,-,-,-,SCV005683329,-,-
3867296,single nucleotide variant,NM_000194.3(HPRT1):c.208G>A (p.Gly70Arg),3251,HPRT1,HGNC:5157,Pathogenic,1,"Sep 27, 2024",-1,-,RCV005223722,"MONDO:MONDO:0010299,MedGen:C0268117,OMIM:300323,Orphanet:79233;MONDO:MONDO:0010298,MedGen:C0023374,OMIM:300322,Orphanet:510",Partial hypoxanthine-guanine phosphoribosyltransferase deficiency;Lesch-Nyhan syndrome,germline,germline,GRCh37,NC_000023.10,X,133609284,133609284,na,na,Xq26.2,"criteria provided, single submitter",1,-,N,-,2,3759674,133609284,G,A,-,-,-,-,-,-,SCV005863934,-,-
3867296,single nucleotide variant,NM_000194.3(HPRT1):c.208G>A (p.Gly70Arg),3251,HPRT1,HGNC:5157,Pathogenic,1,"Sep 27, 2024",-1,-,RCV005223722,"MONDO:MONDO:0010299,MedGen:C0268117,OMIM:300323,Orphanet:79233;MONDO:MONDO:0010298,MedGen:C0023374,OMIM:300322,Orphanet:510",Partial hypoxanthine-guanine phosphoribosyltransferase deficiency;Lesch-Nyhan syndrome,germline,germline,GRCh38,NC_000023.11,X,134475254,134475254,na,na,Xq26.2,"criteria provided, single submitter",1,-,N,-,2,3759674,134475254,G,A,-,-,-,-,-,-,SCV005863934,-,-
3867297,single nucleotide variant,NM_000194.3(HPRT1):c.385-2A>G,3251,HPRT1,HGNC:5157,Pathogenic,1,"Jan 30, 2025",-1,-,RCV005223723,"MONDO:MONDO:0010299,MedGen:C0268117,OMIM:300323,Orphanet:79233;MONDO:MONDO:0010298,MedGen:C0023374,OMIM:300322,Orphanet:510",Partial hypoxanthine-guanine phosphoribosyltransferase deficiency;Lesch-Nyhan syndrome,germline,germline,GRCh37,NC_000023.10,X,133624216,133624216,na,na,Xq26.2,"criteria provided, single submitter",1,-,N,-,2,3759675,133624216,A,G,-,-,-,-,-,-,SCV005863935,-,-
3867297,single nucleotide variant,NM_000194.3(HPRT1):c.385-2A>G,3251,HPRT1,HGNC:5157,Pathogenic,1,"Jan 30, 2025",-1,-,RCV005223723,"MONDO:MONDO:0010299,MedGen:C0268117,OMIM:300323,Orphanet:79233;MONDO:MONDO:0010298,MedGen:C0023374,OMIM:300322,Orphanet:510",Partial hypoxanthine-guanine phosphoribosyltransferase deficiency;Lesch-Nyhan syndrome,germline,germline,GRCh38,NC_000023.11,X,134490186,134490186,na,na,Xq26.2,"criteria provided, single submitter",1,-,N,-,2,3759675,134490186,A,G,-,-,-,-,-,-,SCV005863935,-,-
3867300,single nucleotide variant,NM_000194.3(HPRT1):c.610-1G>A,3251,HPRT1,HGNC:5157,Pathogenic,1,"Dec 21, 2024",-1,-,RCV005223726,"MONDO:MONDO:0010299,MedGen:C0268117,OMIM:300323,Orphanet:79233;MONDO:MONDO:0010298,MedGen:C0023374,OMIM:300322,Orphanet:510",Partial hypoxanthine-guanine phosphoribosyltransferase deficiency;Lesch-Nyhan syndrome,germline,germline,GRCh37,NC_000023.10,X,133634059,133634059,na,na,Xq26.3,"criteria provided, single submitter",1,-,N,-,2,3759678,133634059,G,A,-,-,-,-,-,-,SCV005863928,-,-
3867300,single nucleotide variant,NM_000194.3(HPRT1):c.610-1G>A,3251,HPRT1,HGNC:5157,Pathogenic,1,"Dec 21, 2024",-1,-,RCV005223726,"MONDO:MONDO:0010299,MedGen:C0268117,OMIM:300323,Orphanet:79233;MONDO:MONDO:0010298,MedGen:C0023374,OMIM:300322,Orphanet:510",Partial hypoxanthine-guanine phosphoribosyltransferase deficiency;Lesch-Nyhan syndrome,germline,germline,GRCh38,NC_000023.11,X,134500029,134500029,na,na,Xq26.3,"criteria provided, single submitter",1,-,N,-,2,3759678,134500029,G,A,-,-,-,-,-,-,SCV005863928,-,-
4198798,single nucleotide variant,NM_000194.3(HPRT1):c.486C>G (p.Ser162Arg),3251,HPRT1,HGNC:5157,Likely pathogenic,1,-,-1,-,RCV005645923,"MONDO:MONDO:0010298,MedGen:C0023374,OMIM:300322,Orphanet:510",Lesch-Nyhan syndrome,germline,germline,GRCh37,NC_000023.10,X,133632420,133632420,na,na,Xq26.2,"criteria provided, single submitter",1,-,N,-,2,4086105,133632420,C,G,-,-,-,-,-,-,SCV006324119,-,-
4198798,single nucleotide variant,NM_000194.3(HPRT1):c.486C>G (p.Ser162Arg),3251,HPRT1,HGNC:5157,Likely pathogenic,1,-,-1,-,RCV005645923,"MONDO:MONDO:0010298,MedGen:C0023374,OMIM:300322,Orphanet:510",Lesch-Nyhan syndrome,germline,germline,GRCh38,NC_000023.11,X,134498390,134498390,na,na,Xq26.2,"criteria provided, single submitter",1,-,N,-,2,4086105,134498390,C,G,-,-,-,-,-,-,SCV006324119,-,-
4639191,single nucleotide variant,NM_000194.3(HPRT1):c.112C>G (p.Pro38Ala),3251,HPRT1,HGNC:5157,Likely pathogenic,1,"Oct 03, 2025",-1,-,RCV006250045,"MONDO:MONDO:0010299,MedGen:C0268117,OMIM:300323,Orphanet:79233;MONDO:MONDO:0010298,MedGen:C0023374,OMIM:300322,Orphanet:510",Partial hypoxanthine-guanine phosphoribosyltransferase deficiency;Lesch-Nyhan syndrome,germline,germline,GRCh37,NC_000023.10,X,133607473,133607473,na,na,Xq26.2,"criteria provided, single submitter",1,-,N,-,2,4526797,133607473,C,G,-,-,-,-,-,-,SCV007096345,-,-
4639191,single nucleotide variant,NM_000194.3(HPRT1):c.112C>G (p.Pro38Ala),3251,HPRT1,HGNC:5157,Likely pathogenic,1,"Oct 03, 2025",-1,-,RCV006250045,"MONDO:MONDO:0010299,MedGen:C0268117,OMIM:300323,Orphanet:79233;MONDO:MONDO:0010298,MedGen:C0023374,OMIM:300322,Orphanet:510",Partial hypoxanthine-guanine phosphoribosyltransferase deficiency;Lesch-Nyhan syndrome,germline,germline,GRCh38,NC_000023.11,X,134473443,134473443,na,na,Xq26.2,"criteria provided, single submitter",1,-,N,-,2,4526797,134473443,C,G,-,-,-,-,-,-,SCV007096345,-,-
4639277,single nucleotide variant,NM_000194.3(HPRT1):c.238G>T (p.Asp80Tyr),3251,HPRT1,HGNC:5157,Likely pathogenic,1,"Oct 15, 2025",-1,-,RCV006250140,"MONDO:MONDO:0010298,MedGen:C0023374,OMIM:300322,Orphanet:510",Lesch-Nyhan syndrome,germline,germline,GRCh37,NC_000023.10,X,133609314,133609314,na,na,Xq26.2,"criteria provided, single submitter",1,-,N,-,2,4526884,133609314,G,T,-,-,-,-,-,-,SCV007097402,-,-
4639277,single nucleotide variant,NM_000194.3(HPRT1):c.238G>T (p.Asp80Tyr),3251,HPRT1,HGNC:5157,Likely pathogenic,1,"Oct 15, 2025",-1,-,RCV006250140,"MONDO:MONDO:0010298,MedGen:C0023374,OMIM:300322,Orphanet:510",Lesch-Nyhan syndrome,germline,germline,GRCh38,NC_000023.11,X,134475284,134475284,na,na,Xq26.2,"criteria provided, single submitter",1,-,N,-,2,4526884,134475284,G,T,-,-,-,-,-,-,SCV007097402,-,-
4643630,single nucleotide variant,NM_000194.3(HPRT1):c.27+174G>T,3251,HPRT1,HGNC:5157,Likely pathogenic,1,"Sep 01, 2025",-1,-,RCV006258375,"MONDO:MONDO:0010298,MedGen:C0023374,OMIM:300322,Orphanet:510",Lesch-Nyhan syndrome,germline,germline,GRCh37,NC_000023.10,X,133594542,133594542,na,na,Xq26.2,"criteria provided, single submitter",1,-,N,-,2,4532158,133594542,G,T,-,-,-,-,-,-,SCV007107527,-,-
4643630,single nucleotide variant,NM_000194.3(HPRT1):c.27+174G>T,3251,HPRT1,HGNC:5157,Likely pathogenic,1,"Sep 01, 2025",-1,-,RCV006258375,"MONDO:MONDO:0010298,MedGen:C0023374,OMIM:300322,Orphanet:510",Lesch-Nyhan syndrome,germline,germline,GRCh38,NC_000023.11,X,134460512,134460512,na,na,Xq26.2,"criteria provided, single submitter",1,-,N,-,2,4532158,134460512,G,T,-,-,-,-,-,-,SCV007107527,-,-
4649059,single nucleotide variant,NM_000194.3(HPRT1):c.500G>T (p.Arg167Met),3251,HPRT1,HGNC:5157,Likely pathogenic,1,"Jun 11, 2025",-1,-,RCV006270746,MedGen:C3661900,not provided,germline,germline,GRCh37,NC_000023.10,X,133632434,133632434,na,na,Xq26.2,"criteria provided, single submitter",1,-,N,-,2,4537556,133632434,G,T,-,-,-,-,-,-,SCV007124951,-,-
4649059,single nucleotide variant,NM_000194.3(HPRT1):c.500G>T (p.Arg167Met),3251,HPRT1,HGNC:5157,Likely pathogenic,1,"Jun 11, 2025",-1,-,RCV006270746,MedGen:C3661900,not provided,germline,germline,GRCh38,NC_000023.11,X,134498404,134498404,na,na,Xq26.2,"criteria provided, single submitter",1,-,N,-,2,4537556,134498404,G,T,-,-,-,-,-,-,SCV007124951,-,-
4650417,single nucleotide variant,NM_000194.3(HPRT1):c.609+1G>A,3251,HPRT1,HGNC:5157,Pathogenic,1,"Jun 18, 2025",-1,-,RCV006272894,MedGen:C3661900,not provided,germline,germline,GRCh37,NC_000023.10,X,133632715,133632715,na,na,Xq26.2,"criteria provided, single submitter",1,-,N,-,2,4538899,133632715,G,A,-,-,-,-,-,-,SCV007127425,-,-
4650417,single nucleotide variant,NM_000194.3(HPRT1):c.609+1G>A,3251,HPRT1,HGNC:5157,Pathogenic,1,"Jun 18, 2025",-1,-,RCV006272894,MedGen:C3661900,not provided,germline,germline,GRCh38,NC_000023.11,X,134498685,134498685,na,na,Xq26.2,"criteria provided, single submitter",1,-,N,-,2,4538899,134498685,G,A,-,-,-,-,-,-,SCV007127425,-,-
4965412,single nucleotide variant,NM_000194.3(HPRT1):c.239A>G (p.Asp80Gly),3251,HPRT1,HGNC:5157,Likely pathogenic,1,"Aug 15, 2025",-1,-,RCV006703991,"MONDO:MONDO:0010298,MedGen:C0023374,OMIM:300322,Orphanet:510",Lesch-Nyhan syndrome,germline,germline,GRCh37,NC_000023.10,X,133609315,133609315,na,na,-,"criteria provided, single submitter",1,-,N,-,2,4854477,133609315,A,G,-,-,-,-,-,-,SCV007607015,-,-
4965412,single nucleotide variant,NM_000194.3(HPRT1):c.239A>G (p.Asp80Gly),3251,HPRT1,HGNC:5157,Likely pathogenic,1,"Aug 15, 2025",-1,-,RCV006703991,"MONDO:MONDO:0010298,MedGen:C0023374,OMIM:300322,Orphanet:510",Lesch-Nyhan syndrome,germline,germline,GRCh38,NC_000023.11,X,134475285,134475285,na,na,-,"criteria provided, single submitter",1,-,N,-,2,4854477,134475285,A,G,-,-,-,-,-,-,SCV007607015,-,-
